genre,lex_clean,frequency
Law,KL/,126
Law,>LHJM/,82
Law,>KL[,72
Law,KHN/,62
Law,MZBX/,56
Law,<FH[,49
Law,QRB[,49
Law,BN/,48
Law,NTN[,39
Law,PNH/,39
Law,DM/,38
Law,XV>T/,38
Law,<LH/,35
Law,XLB=/,34
Law,BW>[,32
Law,JD/,32
Law,QRBN/,32
Law,MQWM/,31
Law,HJH[,30
Law,NPC/,27
Law,ZBX/,26
Law,JWM/,25
Law,MNXH/,25
Law,>MR[,24
Law,XV>[,24
Law,>CH=/,23
Law,CLM/,22
Law,QVR[,22
Law,>XD/,20
Law,BFR/,20
Law,QDC/,20
Law,>RY/,19
Law,CM,19
Law,QRB/,19
Law,>C/,18
Law,>HL/,18
Law,DBR[,18
Law,MW<D/,18
Law,BXR[,17
Law,PR/,17
Law,CMN/,16
Law,CXV[,16
Law,VM>/,16
Law,Y>N/,16
Law,>CM/,15
Law,C<R/,15
Law,R>C/,15
Law,YWH[,14
Law,<M/,13
Law,>CM[,13
Law,BQR/,13
Law,CNH/,13
Law,JY>[,13
Law,KPR[,13
Law,CMR[,12
Law,DBR/,12
Law,JD<[,12
Law,TMJM/,12
Law,BRK[,11
Law,NJXX/,11
Law,RJX/,11
Law,SWR[,11
Law,<JN/,10
Law,CB</,10
Law,CM<[,10
Law,CNJM/,10
Law,FRP[,10
Law,KLJH/,10
Law,<BD/,9
Law,<BD[,9
Law,<Y/,9
Law,>X/,9
Law,BHMH/,9
Law,CM/,9
Law,CPK[,9
Law,MYH/,9
Law,SLT/,9
Law,SLX[,9
Law,SMK[,9
Law,ZKR=/,9
Law,<WLM/,8
Law,KN,8
Law,MYWH/,8
Law,NG<[,8
Law,SBJB/,8
Law,VHR/,8
Law,<Z==/,7
Law,BQR=/,7
Law,BT/,7
Law,FJM[,7
Law,HLK[,7
Law,LQX[,7
Law,LWJ/,7
Law,MJM/,7
Law,RWM[,7
Law,TWRH/,7
Law,ZBX[,7
Law,ZRQ[,7
Law,<LH[,6
Law,>BJWN/,6
Law,>XR/,6
Law,BJT/,6
Law,BKR/,6
Law,CKN[,6
Law,FMX[,6
Law,JCB[,6
Law,JRC[,6
Law,JSWD/,6
Law,KSH[,6
Law,LBNH=/,6
Law,NBLH=/,6
Law,PTX/,6
Law,QDWC/,6
Law,RQ,6
Law,TRWMH/,6
Law,XG/,6
Law,>DM/,5
Law,>JC/,5
Law,>MH/,5
Law,>YB</,5
Law,>ZKRH/,5
Law,BLL[,5
Law,CGGH/,5
Law,DCN/,5
Law,GWJ/,5
Law,JTRT/,5
Law,JTR[,5
Law,KBD=/,5
Law,KFB/,5
Law,KRT[,5
Law,KSL=/,5
Law,M<FR/,5
Law,NDR/,5
Law,NF>[,5
Law,NQBH/,5
Law,NXLH/,5
Law,NZH[,5
Law,PRSH/,5
Law,QRN/,5
Law,R>H[,5
Law,XQ/,5
Law,<BV[,4
Law,<JR/,4
Law,<LM[,4
Law,<RK[,4
Law,<WP/,4
Law,>JL/,4
Law,>JL=/,4
Law,>JN/,4
Law,>XR=/,4
Law,BCL[,4
Law,CB<[,4
Law,CBW</,4
Law,CLX[,4
Law,CMVH/,4
Law,CWR/,4
Law,GR/,4
Law,GRH=/,4
Law,JCR/,4
Law,JSP[,4
Law,JVB[,4
Law,KSP/,4
Law,LBB/,4
Law,LXM/,4
Law,MCJX/,4
Law,MCPV/,4
Law,MCX[,4
Law,MJN/,4
Law,MWT[,4
Law,NDBH/,4
Law,PRS[,4
Law,PSX/,4
Law,PTX[,4
Law,QWL/,4
Law,R>CWN/,4
Law,TWDH/,4
Law,VM>H/,4
Law,XLH/,4
Law,XLQ/,4
Law,XMY/,4
Law,XZH/,4
Law,YBJ=/,4
Law,<RB/,3
Law,<RK/,3
Law,<WN/,3
Law,>B/,3
Law,>BD[,3
Law,>BJB/,3
Law,>DMH/,3
Law,>K,3
Law,>LMNH/,3
Law,>WH/,3
Law,>YL/,3
Law,BGD/,3
Law,CBV/,3
Law,CC/,3
Law,CS<[,3
Law,CWQ/,3
Law,DRC[,3
Law,DWR/,3
Law,FH/,3
Law,JKL[,3
Law,JQD[,3
Law,JR>[,3
Law,JTWM/,3
Law,JWNH/,3
Law,KLJL/,3
Law,KR<JM/,3
Law,LBC[,3
Law,M<FH/,3
Law,MCLX/,3
Law,MLX/,3
Law,MXBT/,3
Law,MXNH/,3
Law,NBJ>/,3
Law,NDX[,3
Law,NTX/,3
Law,NWX[,3
Law,P<M/,3
Law,QDC[,3
Law,QHL/,3
Law,QMY/,3
Law,QR>[,3
Law,QYH=/,3
Law,R</,3
Law,R<<[,3
Law,R<=/,3
Law,TBW>H/,3
Law,TW<BH/,3
Law,TWR/,3
Law,XLM[,3
Law,XLWM/,3
Law,XPCJ/,3
Law,XWY/,3
Law,YDQ/,3
Law,ZKR[,3
Law,<BRJ/,2
Law,<CQ[,2
Law,<DH/,2
Law,<FJRJ/,2
Law,<FR[,2
Law,<MJT/,2
Law,<NQ[,2
Law,<WR=/,2
Law,<ZB[,2
Law,>BDH/,2
Law,>CRH/,2
Law,>HB[,2
Law,>JPH/,2
Law,>LJH/,2
Law,>M/,2
Law,>PH[,2
Law,>WH[,2
Law,>WT/,2
Law,B<R[,2
Law,BD/,2
Law,BDL[,2
Law,BKWRJM/,2
Law,BLJ<L/,2
Law,BRKH/,2
Law,BV>[,2
Law,C>L[,2
Law,CBJ<J/,2
Law,CBR[,2
Law,CLC/,2
Law,CLJCJ/,2
Law,CLL/,2
Law,CLM[,2
Law,CMV[,2
Law,CPK/,2
Law,CPV[,2
Law,CQL/,2
Law,CQR/,2
Law,CRY/,2
Law,CWB[,2
Law,CXD/,2
Law,DBQ[,2
Law,DGN/,2
Law,DJ/,2
Law,DRK/,2
Law,F<JR/,2
Law,F<JRH/,2
Law,F>R/,2
Law,FN>[,2
Law,GBWL/,2
Law,GM,2
Law,GRF/,2
Law,GRN/,2
Law,HR/,2
Law,HRG[,2
Law,JMJN/,2
Law,JQB/,2
Law,JXDW,2
Law,JYHR/,2
Law,JYQ[,2
Law,KBH[,2
Law,KLJ/,2
Law,KXC[,2
Law,LJLH/,2
Law,M<L=/,2
Law,M<L[,2
Law,M>WM/,2
Law,MCL[,2
Law,MCXH==/,2
Law,MKR[,2
Law,ML>=/,2
Law,ML>KH/,2
Law,MLQ[,2
Law,MRXCT/,2
Law,MWCB/,2
Law,MWPT/,2
Law,MXYJT/,2
Law,MY>[,2
Law,MYBH/,2
Law,MYH[,2
Law,NDR[,2
Law,NGF[,2
Law,NKH[,2
Law,NKRJ/,2
Law,NTX[,2
Law,PCV[,2
Law,PDH[,2
Law,PDR/,2
Law,PH/,2
Law,PQDWN/,2
Law,PRKT/,2
Law,PT/,2
Law,QFQFT/,2
Law,QJR/,2
Law,QMY[,2
Law,QWM[,2
Law,RB/,2
Law,RBH[,2
Law,RBK[,2
Law,RJQM,2
Law,RQJQ/,2
Law,RXQ[,2
Law,RXY[,2
Law,RYH[,2
Law,SKH/,2
Law,SNPJR/,2
Law,SPR[,2
Law,TJRWC/,2
Law,TMJD/,2
Law,TNWPH/,2
Law,TNWR/,2
Law,TXT/,2
Law,VBL[,2
Law,XDC=/,2
Law,XLL[,2
Law,XMJCJT/,2
Law,XQH/,2
Law,XRB/,2
Law,XYR/,2
Law,<BR[,1
Law,<CQ/,1
Law,<D=/,1
Law,<MH/,1
Law,<NJ/,1
Law,<NJ=/,1
Law,<RB===/,1
Law,<RP/,1
Law,<TH,1
Law,<VLP/,1
Law,<WD/,1
Law,<WR/,1
Law,<WR=[,1
Law,<YH==/,1
Law,<YRT/,1
Law,<ZNJH/,1
Law,>BH[,1
Law,>BN/,1
Law,>CH/,1
Law,>CMH/,1
Law,>JB[,1
Law,>JH/,1
Law,>LH=/,1
Law,>MT/,1
Law,>MY[,1
Law,>NPH/,1
Law,>P,1
Law,>P/,1
Law,>PS/,1
Law,>QW/,1
Law,>RNBT/,1
Law,>SP[,1
Law,>XRWN/,1
Law,>ZN/,1
Law,B<L/,1
Law,BJN/,1
Law,BLT/,1
Law,BNH[,1
Law,BQC[,1
Law,BRJT/,1
Law,BVX/,1
Law,C>R[,1
Law,CBT[,1
Law,CBW<H/,1
Law,CGG[,1
Law,CGH[,1
Law,CKR=/,1
Law,CLK/,1
Law,CLK[,1
Law,CMC/,1
Law,CMD[,1
Law,CNJ/,1
Law,CPN/,1
Law,CQY/,1
Law,CS</,1
Law,CVP[,1
Law,CVR[,1
Law,CXP/,1
Law,DBC/,1
Law,DJCWN/,1
Law,DJH/,1
Law,DLT/,1
Law,DWKJPT/,1
Law,FB<[,1
Law,FDH/,1
Law,FKJR/,1
Law,FKR/,1
Law,FMX/,1
Law,FPH/,1
Law,GB<H/,1
Law,GD<[,1
Law,GDD[,1
Law,GDJ/,1
Law,GLL/,1
Law,GML/,1
Law,GR<[,1
Law,GZL/,1
Law,GZLH/,1
Law,GZL[,1
Law,GZZ[,1
Law,J<NH/,1
Law,JC/,1
Law,JDH[,1
Law,JJN/,1
Law,JLD[,1
Law,JNCWP/,1
Law,JRK/,1
Law,JXMWR/,1
Law,KBF/,1
Law,KBS[,1
Law,KFBH/,1
Law,KHN[,1
Law,KNP/,1
Law,KRML=/,1
Law,KWN[,1
Law,KWS=/,1
Law,LJN[,1
Law,LMD[,1
Law,M>PH/,1
Law,M>WMH/,1
Law,MBXR/,1
Law,MCH/,1
Law,MCNH/,1
Law,MD/,1
Law,MDBR/,1
Law,MKNS/,1
Law,ML>JM/,1
Law,MLX[,1
Law,MNH/,1
Law,MNWXH/,1
Law,MR>H==/,1
Law,MRQ[,1
Law,MRY</,1
Law,MSH=/,1
Law,MTNH/,1
Law,MWL/,1
Law,MWQDH/,1
Law,MXRT/,1
Law,MXSWR/,1
Law,NC>[,1
Law,NCR/,1
Law,NFG[,1
Law,NFJ>/,1
Law,NGC[,1
Law,NGD[,1
Law,NKR[,1
Law,NQC[,1
Law,NSH[,1
Law,NTY[,1
Law,NV<[,1
Law,NVH[,1
Law,NWP[,1
Law,NXCT/,1
Law,NXL[,1
Law,NY/,1
Law,NYH/,1
Law,PGWL/,1
Law,PH,1
Law,PNH[,1
Law,PQD[,1
Law,PRC=/,1
Law,PRS/,1
Law,PSJL/,1
Law,PSX=/,1
Law,PTT[,1
Law,Q>T/,1
Law,QBY[,1
Law,QCH[,1
Law,QDM/,1
Law,QLH[,1
Law,QMH/,1
Law,QPY[,1
Law,QRWB/,1
Law,QRXH/,1
Law,QVRT/,1
Law,QY/,1
Law,R<NN/,1
Law,R>CJT/,1
Law,R>H=/,1
Law,RDP[,1
Law,RXB==/,1
Law,RXB[,1
Law,RXMH/,1
Law,RXMJM/,1
Law,RXM[,1
Law,RXWQ/,1
Law,RYWN/,1
Law,SGLH/,1
Law,SLP[,1
Law,SM/,1
Law,SQL[,1
Law,SRH/,1
Law,STR/,1
Law,SWT[,1
Law,T>W/,1
Law,TFWMT/,1
Law,TL/,1
Law,TNCMT/,1
Law,TPJNJM/,1
Law,TWK/,1
Law,TXMS/,1
Law,VM>[,1
Law,VRJPH/,1
Law,VWB/,1
Law,VWB[,1
Law,XCB[,1
Law,XDL[,1
Law,XGG[,1
Law,XJ/,1
Law,XJH/,1
Law,XJH[,1
Law,XJJM/,1
Law,XJQ/,1
Law,XKM/,1
Law,XLB/,1
Law,XML[,1
Law,XPZWN/,1
Law,XQR[,1
Law,XRB==/,1
Law,XRF/,1
Law,XRM/,1
Law,XRMC/,1
Law,XRM[,1
Law,XRWN/,1
Law,XSJDH/,1
Law,XSR[,1
Law,XV>/,1
Law,XWS[,1
Law,XZJR/,1
Law,XZQ[,1
Law,YDJQ/,1
Law,YPWN/,1
Law,YPWR/,1
Law,YWR[,1
Law,ZKWR/,1
Law,ZMR/,1
Law,ZQN/,1
Law,ZR</,1
Narrative,>MR[,218
Narrative,KL/,101
Narrative,>JC/,97
Narrative,BW>[,97
Narrative,HJH[,86
Narrative,>X/,79
Narrative,>RY/,69
Narrative,>B/,64
Narrative,PR<H/,57
Narrative,BN/,54
Narrative,BJT/,53
Narrative,JD/,53
Narrative,NTN[,51
Narrative,R>H[,49
Narrative,<FH[,48
Narrative,JWM/,47
Narrative,HLK[,44
Narrative,PNH/,43
Narrative,>LHJM/,41
Narrative,<BD/,39
Narrative,<M/,38
Narrative,LQX[,37
Narrative,DBR/,35
Narrative,CLX[,32
Narrative,CB</,31
Narrative,JRD[,31
Narrative,<LH[,30
Narrative,MY>[,30
Narrative,>DWN/,29
Narrative,>JN/,29
Narrative,XLWM/,29
Narrative,MLK/,28
Narrative,CM,27
Narrative,CM<[,27
Narrative,DBR[,27
Narrative,GM,27
Narrative,JY>[,26
Narrative,CWB[,25
Narrative,<JN/,23
Narrative,>XD/,23
Narrative,>XR/,23
Narrative,FJM[,23
Narrative,FR/,23
Narrative,QR>[,23
Narrative,KSP/,22
Narrative,NGD[,22
Narrative,<WD/,21
Narrative,>KL[,20
Narrative,CLC/,20
Narrative,CNH/,20
Narrative,JD<[,20
Narrative,<TH,19
Narrative,MWT[,18
Narrative,N<R/,18
Narrative,NF>[,18
Narrative,<JR/,16
Narrative,CM/,16
Narrative,R<B/,16
Narrative,>MTXT/,15
Narrative,KN,15
Narrative,QWL/,15
Narrative,>CH/,14
Narrative,>KL/,14
Narrative,VWB/,14
Narrative,<NH[,13
Narrative,C>L[,13
Narrative,CBR=[,13
Narrative,DRK/,13
Narrative,JC/,13
Narrative,XLM[,13
Narrative,PH/,12
Narrative,QWM[,12
Narrative,R</,12
Narrative,CNJM/,11
Narrative,JLD[,11
Narrative,LXM/,11
Narrative,MLK[,11
Narrative,PRH/,11
Narrative,QVN/,11
Narrative,BGD/,10
Narrative,CBLT/,10
Narrative,CLWM/,10
Narrative,JCB[,10
Narrative,<ZB[,9
Narrative,>PH/,9
Narrative,>TWN/,9
Narrative,BKH[,9
Narrative,BWR/,9
Narrative,PTR[,9
Narrative,R>C/,9
Narrative,TWK/,9
Narrative,XMWR/,9
Narrative,<BR[,8
Narrative,<MD[,8
Narrative,>XR=/,8
Narrative,BQC[,8
Narrative,GDWL/,8
Narrative,JKL[,8
Narrative,JR>[,8
Narrative,KTNT/,8
Narrative,NKR[,8
Narrative,SHR/,8
Narrative,SPR[,8
Narrative,VBX=/,8
Narrative,XJ/,8
Narrative,Y>N/,8
Narrative,<BD[,7
Narrative,BFR/,7
Narrative,BMH/,7
Narrative,CQH[,7
Narrative,JSP[,7
Narrative,KLJ/,7
Narrative,R<H/,7
Narrative,RGL[,7
Narrative,XV>[,7
Narrative,>SR[,6
Narrative,BRJ>/,6
Narrative,BT/,6
Narrative,CBR=/,6
Narrative,CBV/,6
Narrative,CPV[,6
Narrative,DQ/,6
Narrative,FB<==/,6
Narrative,FDH/,6
Narrative,M>D/,6
Narrative,M>WMH/,6
Narrative,MCMR/,6
Narrative,MHR[,6
Narrative,MKR[,6
Narrative,MQWM/,6
Narrative,MR>H/,6
Narrative,NBJ>/,6
Narrative,NYL[,6
Narrative,R<<[,6
Narrative,R<H[,6
Narrative,RWX/,6
Narrative,XJH[,6
Narrative,XWH[,6
Narrative,YLX[,6
Narrative,<BRJ/,5
Narrative,>YL/,5
Narrative,BD/,5
Narrative,BKR/,5
Narrative,BQR=/,5
Narrative,BR/,5
Narrative,FMLH/,5
Narrative,FQ/,5
Narrative,GBJ</,5
Narrative,HNH==,5
Narrative,JPH/,5
Narrative,KH,5
Narrative,KLH[,5
Narrative,KN/,5
Narrative,KWS/,5
Narrative,LB/,5
Narrative,MCPV/,5
Narrative,ML>K/,5
Narrative,MNXH/,5
Narrative,MYRJ/,5
Narrative,NB>[,5
Narrative,NGC[,5
Narrative,NVH[,5
Narrative,PQD[,5
Narrative,PTRWN/,5
Narrative,R>H/,5
Narrative,SRJS/,5
Narrative,SWR[,5
Narrative,XMC/,5
Narrative,XWY/,5
Narrative,ZKR[,5
Narrative,<WD[,4
Narrative,>K,4
Narrative,>LMH/,4
Narrative,>P/,4
Narrative,>ZN/,4
Narrative,BQR/,4
Narrative,C>R[,4
Narrative,C>WL/,4
Narrative,CKB[,4
Narrative,DM/,4
Narrative,GDJ/,4
Narrative,GDL[,4
Narrative,JC<[,4
Narrative,JCM<>LJ/,4
Narrative,JYB[,4
Narrative,M<V/,4
Narrative,MCL[,4
Narrative,MCNH/,4
Narrative,NPC/,4
Narrative,NPL[,4
Narrative,NWS[,4
Narrative,NXC[,4
Narrative,PTX[,4
Narrative,QR>=[,4
Narrative,R<=/,4
Narrative,RWM[,4
Narrative,SL/,4
Narrative,VRM/,4
Narrative,VRP[,4
Narrative,XRH[,4
Narrative,ZBX/,4
Narrative,ZQN/,4
Narrative,ZR</,4
Narrative,<D=/,3
Narrative,<DLMJ/,3
Narrative,<FR/,3
Narrative,<GLH=/,3
Narrative,<RBWN/,3
Narrative,<T/,3
Narrative,<Z==/,3
Narrative,>HB[,3
Narrative,>LP=/,3
Narrative,>M/,3
Narrative,>SWN/,3
Narrative,BLT/,3
Narrative,BXR[,3
Narrative,CDP[,3
Narrative,CKL[,3
Narrative,CKM/,3
Narrative,CKX[,3
Narrative,CLK[,3
Narrative,CMR[,3
Narrative,DWD/,3
Narrative,FJBH/,3
Narrative,FN>[,3
Narrative,GBWL/,3
Narrative,GNB[,3
Narrative,HRH[,3
Narrative,JLD/,3
Narrative,JMJNJ/,3
Narrative,JQY[,3
Narrative,JVB[,3
Narrative,KLH/,3
Narrative,KRT[,3
Narrative,KSH[,3
Narrative,KWN[,3
Narrative,LBB/,3
Narrative,LKD[,3
Narrative,M<FH/,3
Narrative,M>N[,3
Narrative,M>S[,3
Narrative,MCQH/,3
Narrative,MF>T/,3
Narrative,MJM/,3
Narrative,MLWKH/,3
Narrative,MRKBT/,3
Narrative,MXR/,3
Narrative,NCQ[,3
Narrative,NWX[,3
Narrative,NXM[,3
Narrative,PLCTJ/,3
Narrative,PLL[,3
Narrative,PS/,3
Narrative,QBY[,3
Narrative,QDC=/,3
Narrative,QDJM/,3
Narrative,QR<[,3
Narrative,QRB/,3
Narrative,QRB[,3
Narrative,QYJR/,3
Narrative,R>CWN/,3
Narrative,RB/,3
Narrative,RBH[,3
Narrative,RQ=/,3
Narrative,RWY[,3
Narrative,T>R/,3
Narrative,TLH[,3
Narrative,TXLH/,3
Narrative,TXT/,3
Narrative,VWB=/,3
Narrative,XDL[,3
Narrative,XKM/,3
Narrative,YRH/,3
Narrative,YW>R/,3
Narrative,YWH[,3
Narrative,Z<Q[,3
Narrative,ZQN[,3
Narrative,<CQ[,2
Narrative,<FRH=/,2
Narrative,<FR[,2
Narrative,<MD/,2
Narrative,<MWNJ/,2
Narrative,<NB/,2
Narrative,<RB[,2
Narrative,<RWH/,2
Narrative,<WP/,2
Narrative,>BD[,2
Narrative,>JB[,2
Narrative,>LMNWT/,2
Narrative,>MN[,2
Narrative,>MT/,2
Narrative,>PQ[,2
Narrative,>SJR/,2
Narrative,>WLJ,2
Narrative,>WT/,2
Narrative,>XW/,2
Narrative,B<D/,2
Narrative,B<L/,2
Narrative,BJN[,2
Narrative,BL<[,2
Narrative,BRK[,2
Narrative,BXN[,2
Narrative,BXWR/,2
Narrative,BY</,2
Narrative,CLJCJ/,2
Narrative,CLM/,2
Narrative,CMC/,2
Narrative,CNJ/,2
Narrative,CNJ=/,2
Narrative,CRT[,2
Narrative,CTH[,2
Narrative,D>G[,2
Narrative,DRC[,2
Narrative,FMX[,2
Narrative,FPH/,2
Narrative,FRJG/,2
Narrative,GB<H/,2
Narrative,GG/,2
Narrative,GPN/,2
Narrative,GWJ/,2
Narrative,GZZ[,2
Narrative,HPK[,2
Narrative,HRG[,2
Narrative,HRH/,2
Narrative,JGWN/,2
Narrative,KBD/,2
Narrative,KHN/,2
Narrative,KN=/,2
Narrative,KP/,2
Narrative,KRM/,2
Narrative,LBC[,2
Narrative,LJLH/,2
Narrative,LV=/,2
Narrative,LXM[,2
Narrative,M<L/,2
Narrative,M>H/,2
Narrative,MCJX/,2
Narrative,MCPXH/,2
Narrative,MCPXT/,2
Narrative,MCX[,2
Narrative,ML>/,2
Narrative,ML>KT/,2
Narrative,ML>[,2
Narrative,MLWN/,2
Narrative,MRH[,2
Narrative,MSPW>/,2
Narrative,MVH/,2
Narrative,MVR/,2
Narrative,NFG[,2
Narrative,NGD/,2
Narrative,NGJD/,2
Narrative,NK>T/,2
Narrative,NKH[,2
Narrative,NVC[,2
Narrative,NYB[,2
Narrative,P<M/,2
Narrative,PTJL/,2
Narrative,PTX/,2
Narrative,QCH/,2
Narrative,QCR[,2
Narrative,QNH/,2
Narrative,QRH[,2
Narrative,QVN=/,2
Narrative,QYP[,2
Narrative,R<BWN/,2
Narrative,RGL/,2
Narrative,RJQ=/,2
Narrative,RXMJM/,2
Narrative,RXY[,2
Narrative,RYY[,2
Narrative,SBB[,2
Narrative,SBJB/,2
Narrative,SXR[,2
Narrative,TCW<H/,2
Narrative,THW/,2
Narrative,VP/,2
Narrative,XBL=/,2
Narrative,XJH/,2
Narrative,XJL/,2
Narrative,XLJPH/,2
Narrative,XLL[,2
Narrative,XLP[,2
Narrative,XM=/,2
Narrative,XMM[,2
Narrative,XN/,2
Narrative,XNN[,2
Narrative,XRJC/,2
Narrative,XRVM/,2
Narrative,XSD/,2
Narrative,XZQ[,2
Narrative,Y<JP/,2
Narrative,Y<JR/,2
Narrative,Y<Q[,2
Narrative,YBR[,2
Narrative,YDQ[,2
Narrative,YHRJM/,2
Narrative,YJDH/,2
Narrative,YMX[,2
Narrative,YRJ/,2
Narrative,YRWR/,2
Narrative,YXQ[,2
Narrative,ZBX[,2
Narrative,ZHB/,2
Narrative,ZNH[,2
Narrative,ZQNJM/,2
Narrative,<BWR/,1
Narrative,<CTRT/,1
Narrative,<FR=/,1
Narrative,<FRH/,1
Narrative,<FRJM/,1
Narrative,<LH/,1
Narrative,<LJWN/,1
Narrative,<LM[,1
Narrative,<LP[,1
Narrative,<ML/,1
Narrative,<MQ/,1
Narrative,<MS[,1
Narrative,<NJ=/,1
Narrative,<WN/,1
Narrative,<Y/,1
Narrative,<YB[,1
Narrative,<YR[,1
Narrative,>BL===/,1
Narrative,>BL[,1
Narrative,>CKWL/,1
Narrative,>CM=/,1
Narrative,>CMRT/,1
Narrative,>L/,1
Narrative,>LMNH/,1
Narrative,>LM[,1
Narrative,>LP==/,1
Narrative,>LWN/,1
Narrative,>P,1
Narrative,>RXH/,1
Narrative,>SP[,1
Narrative,>TMWL/,1
Narrative,>WR[,1
Narrative,>Z,1
Narrative,>ZL[,1
Narrative,B<JR/,1
Narrative,B>R/,1
Narrative,BCL[,1
Narrative,BHL[,1
Narrative,BJN/,1
Narrative,BKJ/,1
Narrative,BKRH/,1
Narrative,BLJ<L/,1
Narrative,BRJT/,1
Narrative,BRKH/,1
Narrative,BVN/,1
Narrative,BVNH/,1
Narrative,BVX/,1
Narrative,BWZ/,1
Narrative,BZH[,1
Narrative,C<R/,1
Narrative,C>B[,1
Narrative,C>RJT/,1
Narrative,CC=/,1
Narrative,CJT[,1
Narrative,CKM[,1
Narrative,CKR[,1
Narrative,CLCWM/,1
Narrative,CLJV/,1
Narrative,CLM[,1
Narrative,CMN/,1
Narrative,CNH[,1
Narrative,CPK[,1
Narrative,CPXH/,1
Narrative,CQD/,1
Narrative,CQL/,1
Narrative,CWQ/,1
Narrative,CWR/,1
Narrative,CXD/,1
Narrative,CXR/,1
Narrative,CXT[,1
Narrative,CXV[,1
Narrative,DBC/,1
Narrative,DBH/,1
Narrative,DL/,1
Narrative,F<JR/,1
Narrative,FJB[,1
Narrative,FRP[,1
Narrative,FXV[,1
Narrative,G<R[,1
Narrative,GBH/,1
Narrative,GBH[,1
Narrative,GBWR/,1
Narrative,GLH[,1
Narrative,GLL/,1
Narrative,GLL[,1
Narrative,GLX[,1
Narrative,GML/,1
Narrative,HL>H,1
Narrative,HLM,1
Narrative,HR/,1
Narrative,J<L[,1
Narrative,J>L[,1
Narrative,JBM[,1
Narrative,JCN=[,1
Narrative,JCR/,1
Narrative,JHB[,1
Narrative,JJN/,1
Narrative,JM/,1
Narrative,JMJN/,1
Narrative,JRC[,1
Narrative,JRH[,1
Narrative,JRX=/,1
Narrative,JTR[,1
Narrative,JXD/,1
Narrative,JXL[,1
Narrative,JYG[,1
Narrative,JYQ[,1
Narrative,KBD[,1
Narrative,KBWD/,1
Narrative,KKR/,1
Narrative,KMR[,1
Narrative,KN<NJ/,1
Narrative,KNWR/,1
Narrative,KPR/,1
Narrative,KS>/,1
Narrative,KTB[,1
Narrative,KWKB/,1
Narrative,KWL[,1
Narrative,LCKH/,1
Narrative,LJY[,1
Narrative,LXY[,1
Narrative,M<LH/,1
Narrative,M>KL/,1
Narrative,MCGH/,1
Narrative,MCK[,1
Narrative,MCL/,1
Narrative,MCQL/,1
Narrative,MCTH/,1
Narrative,MDBR/,1
Narrative,MDJNJ/,1
Narrative,MDNJ/,1
Narrative,MGWRJM/,1
Narrative,MHH[,1
Narrative,MLXMH/,1
Narrative,MLXMT/,1
Narrative,MMLKH/,1
Narrative,MNH/,1
Narrative,MSPR/,1
Narrative,MTNJM/,1
Narrative,MVMN/,1
Narrative,MVRJ/,1
Narrative,MW<D/,1
Narrative,MWLDT/,1
Narrative,MXJH/,1
Narrative,MXNH/,1
Narrative,MXRT/,1
Narrative,MZWN/,1
Narrative,N<RH/,1
Narrative,N<WRJM/,1
Narrative,NBL=/,1
Narrative,NBL==/,1
Narrative,NCH[,1
Narrative,NG<[,1
Narrative,NKL[,1
Narrative,NQJ/,1
Narrative,NQR[,1
Narrative,NS<[,1
Narrative,NTX[,1
Narrative,NXLH/,1
Narrative,NY=/,1
Narrative,NYJB/,1
Narrative,P<M[,1
Narrative,PCV[,1
Narrative,PG<[,1
Narrative,PH,1
Narrative,PK/,1
Narrative,PLJVH/,1
Narrative,PNH[,1
Narrative,PQDWN/,1
Narrative,PQJD/,1
Narrative,PRC/,1
Narrative,PRH[,1
Narrative,PRX[,1
Narrative,PRY/,1
Narrative,PRY[,1
Narrative,PWG[,1
Narrative,PWY[,1
Narrative,PXD/,1
Narrative,QBWRH/,1
Narrative,QDD[,1
Narrative,QMY/,1
Narrative,QN>[,1
Narrative,QNH[,1
Narrative,QRWB/,1
Narrative,QY/,1
Narrative,QYH=/,1
Narrative,QYR=[,1
Narrative,R<===/,1
Narrative,R<B[,1
Narrative,RB<=/,1
Narrative,RBJD/,1
Narrative,RDP[,1
Narrative,RGZ[,1
Narrative,RJQ[,1
Narrative,RKB/,1
Narrative,RKB[,1
Narrative,RPH[,1
Narrative,RQ,1
Narrative,RQX==/,1
Narrative,RW<[,1
Narrative,RXQ[,1
Narrative,RXWQ/,1
Narrative,SPH[,1
Narrative,SPR/,1
Narrative,T<H[,1
Narrative,TCWRH/,1
Narrative,TMH[,1
Narrative,TP/,1
Narrative,TPF[,1
Narrative,TW<BH/,1
Narrative,TW>MM/,1
Narrative,TWLDWT/,1
Narrative,V<N[,1
Narrative,VB<T/,1
Narrative,VBL[,1
Narrative,VBX/,1
Narrative,VBXH=/,1
Narrative,VBX[,1
Narrative,VWBH/,1
Narrative,XB>[,1
Narrative,XCB[,1
Narrative,XDC=/,1
Narrative,XDC[,1
Narrative,XDR/,1
Narrative,XFK[,1
Narrative,XLB=/,1
Narrative,XLJL/,1
Narrative,XMC[,1
Narrative,XMDH/,1
Narrative,XNH[,1
Narrative,XPF[,1
Narrative,XRC=[,1
Narrative,XRC[,1
Narrative,XRD[,1
Narrative,XRJ==/,1
Narrative,XRPH/,1
Narrative,XTMT/,1
Narrative,XV>/,1
Narrative,XV>T/,1
Narrative,XVH/,1
Narrative,XWL/,1
Narrative,XWS[,1
Narrative,XWTM/,1
Narrative,Y<JRH/,1
Narrative,Y<QH/,1
Narrative,YB>/,1
Narrative,YDQH/,1
Narrative,YMD/,1
Narrative,YNM/,1
Narrative,Z<P[,1
Narrative,ZJT/,1
Narrative,ZMRH=/,1
Narrative,ZNWNJM/,1
Poetry_Wisdom,KL/,83
Poetry_Wisdom,DRK/,44
Poetry_Wisdom,BN/,43
Poetry_Wisdom,LB/,42
Poetry_Wisdom,RC</,39
Poetry_Wisdom,>LHJM/,35
Poetry_Wisdom,NPC/,31
Poetry_Wisdom,PNH/,31
Poetry_Wisdom,NTN[,30
Poetry_Wisdom,PH/,28
Poetry_Wisdom,<JN/,27
Poetry_Wisdom,YDJQ/,27
Poetry_Wisdom,>RY/,26
Poetry_Wisdom,HLK[,26
Poetry_Wisdom,JWM/,25
Poetry_Wisdom,>JN/,24
Poetry_Wisdom,CM<[,24
Poetry_Wisdom,CMR[,24
Poetry_Wisdom,>MR[,23
Poetry_Wisdom,JD<[,23
Poetry_Wisdom,FPH/,21
Poetry_Wisdom,JD/,21
Poetry_Wisdom,XJJM/,20
Poetry_Wisdom,XKMH/,20
Poetry_Wisdom,>RX/,19
Poetry_Wisdom,BW>[,19
Poetry_Wisdom,HJH[,19
Poetry_Wisdom,MY>[,19
Poetry_Wisdom,QR>[,19
Poetry_Wisdom,<FH[,18
Poetry_Wisdom,>JB[,18
Poetry_Wisdom,>JC/,18
Poetry_Wisdom,R</,18
Poetry_Wisdom,RGL/,18
Poetry_Wisdom,BJT/,17
Poetry_Wisdom,CWB[,17
Poetry_Wisdom,YDQ/,17
Poetry_Wisdom,>DM/,16
Poetry_Wisdom,>MR/,16
Poetry_Wisdom,CM/,16
Poetry_Wisdom,MLK/,16
Poetry_Wisdom,D<T/,15
Poetry_Wisdom,FN>[,15
Poetry_Wisdom,KBWD/,15
Poetry_Wisdom,KWN[,15
Poetry_Wisdom,MZMWR/,15
Poetry_Wisdom,NF>[,15
Poetry_Wisdom,QWM[,15
Poetry_Wisdom,R>C/,15
Poetry_Wisdom,VWB/,15
Poetry_Wisdom,<WLM/,14
Poetry_Wisdom,>L/,14
Poetry_Wisdom,MCPV/,14
Poetry_Wisdom,MWSR/,14
Poetry_Wisdom,NYX[,14
Poetry_Wisdom,R>H[,14
Poetry_Wisdom,CMJM/,13
Poetry_Wisdom,NYL[,13
Poetry_Wisdom,NYR[,13
Poetry_Wisdom,RB/,13
Poetry_Wisdom,<M/,12
Poetry_Wisdom,>HB[,12
Poetry_Wisdom,BJN[,12
Poetry_Wisdom,GWJ/,12
Poetry_Wisdom,JC<[,12
Poetry_Wisdom,JCB[,12
Poetry_Wisdom,LQX[,12
Poetry_Wisdom,MWT/,12
Poetry_Wisdom,NVH[,12
Poetry_Wisdom,QWL/,12
Poetry_Wisdom,<NH[,11
Poetry_Wisdom,<ZB[,11
Poetry_Wisdom,>BD[,11
Poetry_Wisdom,CJT[,11
Poetry_Wisdom,MJM/,11
Poetry_Wisdom,RWM[,11
Poetry_Wisdom,XSD/,11
Poetry_Wisdom,>CH/,10
Poetry_Wisdom,BJNH/,10
Poetry_Wisdom,BVX[,10
Poetry_Wisdom,DBR/,10
Poetry_Wisdom,DBR[,10
Poetry_Wisdom,JCW<H/,10
Poetry_Wisdom,LCWN/,10
Poetry_Wisdom,<BR[,9
Poetry_Wisdom,<NJ/,9
Poetry_Wisdom,<T/,9
Poetry_Wisdom,BWC[,9
Poetry_Wisdom,CKX[,9
Poetry_Wisdom,JCR/,9
Poetry_Wisdom,JR>H/,9
Poetry_Wisdom,KN,9
Poetry_Wisdom,LBB/,9
Poetry_Wisdom,M<GL/,9
Poetry_Wisdom,MYWH/,9
Poetry_Wisdom,NGD/,9
Poetry_Wisdom,NPL[,9
Poetry_Wisdom,PTJ/,9
Poetry_Wisdom,QCB[,9
Poetry_Wisdom,SWR[,9
Poetry_Wisdom,TBWNH/,9
Poetry_Wisdom,TWRH/,9
Poetry_Wisdom,XKM/,9
Poetry_Wisdom,XSH[,9
Poetry_Wisdom,>P/,8
Poetry_Wisdom,>WN=/,8
Poetry_Wisdom,>ZN/,8
Poetry_Wisdom,C>WL/,8
Poetry_Wisdom,CKN[,8
Poetry_Wisdom,CPV[,8
Poetry_Wisdom,DRC[,8
Poetry_Wisdom,FMX[,8
Poetry_Wisdom,GJL[,8
Poetry_Wisdom,JMJN/,8
Poetry_Wisdom,JY>[,8
Poetry_Wisdom,KSP/,8
Poetry_Wisdom,LJLH/,8
Poetry_Wisdom,ML>[,8
Poetry_Wisdom,MZMH/,8
Poetry_Wisdom,P<L[,8
Poetry_Wisdom,QDC/,8
Poetry_Wisdom,R<=/,8
Poetry_Wisdom,TMJM/,8
Poetry_Wisdom,TXT/,8
Poetry_Wisdom,XMS/,8
Poetry_Wisdom,YPN[,8
Poetry_Wisdom,ZKR[,8
Poetry_Wisdom,<D/,7
Poetry_Wisdom,<NW/,7
Poetry_Wisdom,<TH,7
Poetry_Wisdom,>B/,7
Poetry_Wisdom,>C/,7
Poetry_Wisdom,>KL[,7
Poetry_Wisdom,>Z,7
Poetry_Wisdom,BRKH/,7
Poetry_Wisdom,CKB[,7
Poetry_Wisdom,CLX[,7
Poetry_Wisdom,DM/,7
Poetry_Wisdom,GM,7
Poetry_Wisdom,HR/,7
Poetry_Wisdom,JC</,7
Poetry_Wisdom,JSP[,7
Poetry_Wisdom,KP/,7
Poetry_Wisdom,KSJL/,7
Poetry_Wisdom,M<V/,7
Poetry_Wisdom,MWV[,7
Poetry_Wisdom,PTX/,7
Poetry_Wisdom,SPR[,7
Poetry_Wisdom,TWK/,7
Poetry_Wisdom,TWKXT/,7
Poetry_Wisdom,YDQH/,7
Poetry_Wisdom,YRH/,7
Poetry_Wisdom,ZR/,7
Poetry_Wisdom,<YH/,6
Poetry_Wisdom,>M/,6
Poetry_Wisdom,>MT/,6
Poetry_Wisdom,>WJL/,6
Poetry_Wisdom,BRK[,6
Poetry_Wisdom,BVX/,6
Poetry_Wisdom,BXR[,6
Poetry_Wisdom,C<R/,6
Poetry_Wisdom,DWR/,6
Poetry_Wisdom,JRD[,6
Poetry_Wisdom,LXM/,6
Poetry_Wisdom,MGN/,6
Poetry_Wisdom,MRWM/,6
Poetry_Wisdom,PLV[,6
Poetry_Wisdom,R<H/,6
Poetry_Wisdom,RWX/,6
Poetry_Wisdom,STR[,6
Poetry_Wisdom,TBL/,6
Poetry_Wisdom,THPKWT/,6
Poetry_Wisdom,TMK[,6
Poetry_Wisdom,XKM[,6
Poetry_Wisdom,XN/,6
Poetry_Wisdom,XSR/,6
Poetry_Wisdom,YRR=[,6
Poetry_Wisdom,ZR</,6
Poetry_Wisdom,<ML/,5
Poetry_Wisdom,<PR/,5
Poetry_Wisdom,>CR=/,5
Poetry_Wisdom,>P,5
Poetry_Wisdom,>RB[,5
Poetry_Wisdom,>RJH/,5
Poetry_Wisdom,CNH/,5
Poetry_Wisdom,CNH=/,5
Poetry_Wisdom,DRK[,5
Poetry_Wisdom,FB<[,5
Poetry_Wisdom,FKL[,5
Poetry_Wisdom,HLL[,5
Poetry_Wisdom,HWN/,5
Poetry_Wisdom,JKX[,5
Poetry_Wisdom,JR>/,5
Poetry_Wisdom,JRH[,5
Poetry_Wisdom,KBD[,5
Poetry_Wisdom,LMD[,5
Poetry_Wisdom,LY/,5
Poetry_Wisdom,MJCRJM/,5
Poetry_Wisdom,NKRJ/,5
Poetry_Wisdom,NQJ/,5
Poetry_Wisdom,NTJBH/,5
Poetry_Wisdom,NYX/,5
Poetry_Wisdom,PC</,5
Poetry_Wisdom,PXD/,5
Poetry_Wisdom,QNH[,5
Poetry_Wisdom,RB=/,5
Poetry_Wisdom,RBH[,5
Poetry_Wisdom,RC<=/,5
Poetry_Wisdom,RWY[,5
Poetry_Wisdom,SBB[,5
Poetry_Wisdom,TM=/,5
Poetry_Wisdom,XJH[,5
Poetry_Wisdom,XSJD/,5
Poetry_Wisdom,XWY/,5
Poetry_Wisdom,ZMR[,5
Poetry_Wisdom,<DH/,4
Poetry_Wisdom,<LJWN/,4
Poetry_Wisdom,<MD[,4
Poetry_Wisdom,<P<PJM/,4
Poetry_Wisdom,>BH[,4
Poetry_Wisdom,>JD/,4
Poetry_Wisdom,>MRH/,4
Poetry_Wisdom,>NWC/,4
Poetry_Wisdom,>RK=/,4
Poetry_Wisdom,>WR[,4
Poetry_Wisdom,BHL[,4
Poetry_Wisdom,BXN[,4
Poetry_Wisdom,CB</,4
Poetry_Wisdom,CLM[,4
Poetry_Wisdom,CQR/,4
Poetry_Wisdom,FMXH/,4
Poetry_Wisdom,FXQ[,4
Poetry_Wisdom,GML[,4
Poetry_Wisdom,GRGRT/,4
Poetry_Wisdom,JC/,4
Poetry_Wisdom,JCN=[,4
Poetry_Wisdom,JCR[,4
Poetry_Wisdom,JDH[,4
Poetry_Wisdom,JM/,4
Poetry_Wisdom,JR>[,4
Poetry_Wisdom,JSR[,4
Poetry_Wisdom,KCL[,4
Poetry_Wisdom,KR<[,4
Poetry_Wisdom,KS>/,4
Poetry_Wisdom,KSH[,4
Poetry_Wisdom,LQX/,4
Poetry_Wisdom,LWZ[,4
Poetry_Wisdom,MCL[,4
Poetry_Wisdom,MRMH/,4
Poetry_Wisdom,N>Y[,4
Poetry_Wisdom,NBV[,4
Poetry_Wisdom,PRJ/,4
Poetry_Wisdom,QDM[,4
Poetry_Wisdom,R>CJT/,4
Poetry_Wisdom,RCT/,4
Poetry_Wisdom,RDP[,4
Poetry_Wisdom,RNN[,4
Poetry_Wisdom,RXQ[,4
Poetry_Wisdom,RYWN/,4
Poetry_Wisdom,T>WH/,4
Poetry_Wisdom,TBW>H/,4
Poetry_Wisdom,THWM/,4
Poetry_Wisdom,TMJD/,4
Poetry_Wisdom,TPLH/,4
Poetry_Wisdom,XBL=/,4
Poetry_Wisdom,XNN[,4
Poetry_Wisdom,XPY/,4
Poetry_Wisdom,XRB/,4
Poetry_Wisdom,XV>=/,4
Poetry_Wisdom,XV>T/,4
Poetry_Wisdom,XY/,4
Poetry_Wisdom,XZH[,4
Poetry_Wisdom,YPWR/,4
Poetry_Wisdom,YWR/,4
Poetry_Wisdom,<BD/,3
Poetry_Wisdom,<BD[,3
Poetry_Wisdom,<LY[,3
Poetry_Wisdom,<QC/,3
Poetry_Wisdom,<RK[,3
Poetry_Wisdom,<RMH/,3
Poetry_Wisdom,<WN/,3
Poetry_Wisdom,<YL/,3
Poetry_Wisdom,<YM/,3
Poetry_Wisdom,<Z/,3
Poetry_Wisdom,<ZZ[,3
Poetry_Wisdom,>DJR/,3
Poetry_Wisdom,>DWN/,3
Poetry_Wisdom,>JCWN/,3
Poetry_Wisdom,>WR/,3
Poetry_Wisdom,>YB</,3
Poetry_Wisdom,>YL/,3
Poetry_Wisdom,B<D/,3
Poetry_Wisdom,B<L/,3
Poetry_Wisdom,BFR/,3
Poetry_Wisdom,BQC[,3
Poetry_Wisdom,BQR=/,3
Poetry_Wisdom,BRJT/,3
Poetry_Wisdom,BVN/,3
Poetry_Wisdom,BWR/,3
Poetry_Wisdom,BZH[,3
Poetry_Wisdom,CBR[,3
Poetry_Wisdom,CBV/,3
Poetry_Wisdom,CGH[,3
Poetry_Wisdom,CJR[,3
Poetry_Wisdom,CLWM/,3
Poetry_Wisdom,CM,3
Poetry_Wisdom,CPK[,3
Poetry_Wisdom,CTH[,3
Poetry_Wisdom,CW<[,3
Poetry_Wisdom,CWH[,3
Poetry_Wisdom,CXQ/,3
Poetry_Wisdom,CXR[,3
Poetry_Wisdom,CXT/,3
Poetry_Wisdom,FJM[,3
Poetry_Wisdom,FN>H/,3
Poetry_Wisdom,GBWR/,3
Poetry_Wisdom,GBWRH/,3
Poetry_Wisdom,GWRL/,3
Poetry_Wisdom,HGH[,3
Poetry_Wisdom,HJKL/,3
Poetry_Wisdom,HMH[,3
Poetry_Wisdom,HRG[,3
Poetry_Wisdom,HWD/,3
Poetry_Wisdom,JCR=/,3
Poetry_Wisdom,JJN/,3
Poetry_Wisdom,JKL[,3
Poetry_Wisdom,JLD[,3
Poetry_Wisdom,JQR/,3
Poetry_Wisdom,JSD[,3
Poetry_Wisdom,JWMM,3
Poetry_Wisdom,JXDW,3
Poetry_Wisdom,JXJD/,3
Poetry_Wisdom,KNP/,3
Poetry_Wisdom,KRT[,3
Poetry_Wisdom,KWS/,3
Poetry_Wisdom,KZB/,3
Poetry_Wisdom,L<G[,3
Poetry_Wisdom,L>M/,3
Poetry_Wisdom,LKD[,3
Poetry_Wisdom,M<FH/,3
Poetry_Wisdom,M>D/,3
Poetry_Wisdom,MCJX/,3
Poetry_Wisdom,MCL/,3
Poetry_Wisdom,MFGB/,3
Poetry_Wisdom,MHR[,3
Poetry_Wisdom,MLXMH/,3
Poetry_Wisdom,MN<[,3
Poetry_Wisdom,MSTR/,3
Poetry_Wisdom,MXTH=/,3
Poetry_Wisdom,N<WRJM/,3
Poetry_Wisdom,NFG[,3
Poetry_Wisdom,NGD[,3
Poetry_Wisdom,NQH[,3
Poetry_Wisdom,NSK[,3
Poetry_Wisdom,NXH[,3
Poetry_Wisdom,P<M/,3
Poetry_Wisdom,PR<[,3
Poetry_Wisdom,PT>M,3
Poetry_Wisdom,PWX[,3
Poetry_Wisdom,PZ/,3
Poetry_Wisdom,QCR[,3
Poetry_Wisdom,QCT/,3
Poetry_Wisdom,QDWC/,3
Poetry_Wisdom,QHL/,3
Poetry_Wisdom,QJY[,3
Poetry_Wisdom,QLWN/,3
Poetry_Wisdom,QRT/,3
Poetry_Wisdom,QRWB/,3
Poetry_Wisdom,QWH[,3
Poetry_Wisdom,R<<[,3
Poetry_Wisdom,RBB[,3
Poetry_Wisdom,RXB==/,3
Poetry_Wisdom,RXB[,3
Poetry_Wisdom,RXWQ/,3
Poetry_Wisdom,SBJB/,3
Poetry_Wisdom,THLH/,3
Poetry_Wisdom,TMM[,3
Poetry_Wisdom,TW<BH/,3
Poetry_Wisdom,TWCJH/,3
Poetry_Wisdom,VRP[,3
Poetry_Wisdom,XCK/,3
Poetry_Wisdom,XJL/,3
Poetry_Wisdom,XLQ=/,3
Poetry_Wisdom,XLQ=[,3
Poetry_Wisdom,XLY[,3
Poetry_Wisdom,XMD[,3
Poetry_Wisdom,XNM,3
Poetry_Wisdom,XPY[,3
Poetry_Wisdom,XQQ[,3
Poetry_Wisdom,XRC=[,3
Poetry_Wisdom,XRPH/,3
Poetry_Wisdom,XRWY==/,3
Poetry_Wisdom,XWH[,3
Poetry_Wisdom,XZQ[,3
Poetry_Wisdom,Y<D/,3
Poetry_Wisdom,YRP[,3
Poetry_Wisdom,ZKR/,3
Poetry_Wisdom,<B/,2
Poetry_Wisdom,<CN/,2
Poetry_Wisdom,<CR/,2
Poetry_Wisdom,<CR[,2
Poetry_Wisdom,<DWT/,2
Poetry_Wisdom,<JR/,2
Poetry_Wisdom,<LH[,2
Poetry_Wisdom,<LJLH/,2
Poetry_Wisdom,<NJ=/,2
Poetry_Wisdom,<QCWT/,2
Poetry_Wisdom,<RF/,2
Poetry_Wisdom,<VRT/,2
Poetry_Wisdom,<VR[,2
Poetry_Wisdom,<WD/,2
Poetry_Wisdom,<WLL/,2
Poetry_Wisdom,<WR[,2
Poetry_Wisdom,<Y/,2
Poetry_Wisdom,<YB=/,2
Poetry_Wisdom,<YWM/,2
Poetry_Wisdom,<ZR[,2
Poetry_Wisdom,>BJWN/,2
Poetry_Wisdom,>CR[,2
Poetry_Wisdom,>GR[,2
Poetry_Wisdom,>HBH/,2
Poetry_Wisdom,>HL/,2
Poetry_Wisdom,>JLT=/,2
Poetry_Wisdom,>MR=/,2
Poetry_Wisdom,>MY[,2
Poetry_Wisdom,>PLH/,2
Poetry_Wisdom,>PS/,2
Poetry_Wisdom,>WYR/,2
Poetry_Wisdom,>X/,2
Poetry_Wisdom,>XD/,2
Poetry_Wisdom,>XR=/,2
Poetry_Wisdom,>XRJT/,2
Poetry_Wisdom,>ZN[,2
Poetry_Wisdom,>ZR[,2
Poetry_Wisdom,B<R[,2
Poetry_Wisdom,BD/,2
Poetry_Wisdom,BGD/,2
Poetry_Wisdom,BGD[,2
Poetry_Wisdom,BL<[,2
Poetry_Wisdom,BLJ<L/,2
Poetry_Wisdom,BR=/,2
Poetry_Wisdom,BR==/,2
Poetry_Wisdom,BRD/,2
Poetry_Wisdom,BRR[,2
Poetry_Wisdom,BT/,2
Poetry_Wisdom,BWZ[,2
Poetry_Wisdom,BY<[,2
Poetry_Wisdom,C<CW<JM/,2
Poetry_Wisdom,C>L[,2
Poetry_Wisdom,CB<[,2
Poetry_Wisdom,CLK[,2
Poetry_Wisdom,CLXN/,2
Poetry_Wisdom,CMJNJ/,2
Poetry_Wisdom,CMN/,2
Poetry_Wisdom,CN/,2
Poetry_Wisdom,CQP[,2
Poetry_Wisdom,CW>/,2
Poetry_Wisdom,CW>H/,2
Poetry_Wisdom,CWH=[,2
Poetry_Wisdom,CXD/,2
Poetry_Wisdom,CXT[,2
Poetry_Wisdom,DCN[,2
Poetry_Wisdom,DJN[,2
Poetry_Wisdom,DK/,2
Poetry_Wisdom,DLQ[,2
Poetry_Wisdom,FM>L/,2
Poetry_Wisdom,FVH[,2
Poetry_Wisdom,G<C[,2
Poetry_Wisdom,GBR/,2
Poetry_Wisdom,GDWL/,2
Poetry_Wisdom,GMR[,2
Poetry_Wisdom,GNB[,2
Poetry_Wisdom,GWR[,2
Poetry_Wisdom,GXL/,2
Poetry_Wisdom,GXL=/,2
Poetry_Wisdom,HDR/,2
Poetry_Wisdom,HGJWN/,2
Poetry_Wisdom,HNH==,2
Poetry_Wisdom,JTWM/,2
Poetry_Wisdom,JYB[,2
Poetry_Wisdom,K<S/,2
Poetry_Wisdom,KLB/,2
Poetry_Wisdom,KLH[,2
Poetry_Wisdom,KLJ/,2
Poetry_Wisdom,KLJH/,2
Poetry_Wisdom,KTB[,2
Poetry_Wisdom,KX/,2
Poetry_Wisdom,LBV[,2
Poetry_Wisdom,LJY[,2
Poetry_Wisdom,LWJH/,2
Poetry_Wisdom,LWX/,2
Poetry_Wisdom,LXM=[,2
Poetry_Wisdom,M<JN/,2
Poetry_Wisdom,M>S[,2
Poetry_Wisdom,MCKB/,2
Poetry_Wisdom,MDWN/,2
Poetry_Wisdom,MNT/,2
Poetry_Wisdom,MQWR/,2
Poetry_Wisdom,MRP>/,2
Poetry_Wisdom,MSK[,2
Poetry_Wisdom,MT/,2
Poetry_Wisdom,MW<YH/,2
Poetry_Wisdom,MWSD/,2
Poetry_Wisdom,MWT[,2
Poetry_Wisdom,MXH[,2
Poetry_Wisdom,N<JM/,2
Poetry_Wisdom,N<M[,2
Poetry_Wisdom,N<R/,2
Poetry_Wisdom,NB<[,2
Poetry_Wisdom,NBL[,2
Poetry_Wisdom,NCQ[,2
Poetry_Wisdom,NDR/,2
Poetry_Wisdom,NDX[,2
Poetry_Wisdom,NGH/,2
Poetry_Wisdom,NGJNH/,2
Poetry_Wisdom,NKR/,2
Poetry_Wisdom,NKX=/,2
Poetry_Wisdom,NPT/,2
Poetry_Wisdom,NQP[,2
Poetry_Wisdom,NR/,2
Poetry_Wisdom,NVC[,2
Poetry_Wisdom,NW<[,2
Poetry_Wisdom,NXLH/,2
Poetry_Wisdom,NXL[,2
Poetry_Wisdom,P<LH/,2
Poetry_Wisdom,PL>[,2
Poetry_Wisdom,PLG/,2
Poetry_Wisdom,PLS=[,2
Poetry_Wisdom,PNH=/,2
Poetry_Wisdom,PNJNJM/,2
Poetry_Wisdom,PQD[,2
Poetry_Wisdom,PTL[,2
Poetry_Wisdom,PWQ[,2
Poetry_Wisdom,PWY[,2
Poetry_Wisdom,PX=/,2
Poetry_Wisdom,PXD[,2
Poetry_Wisdom,QDM/,2
Poetry_Wisdom,QJY/,2
Poetry_Wisdom,QR>=[,2
Poetry_Wisdom,QRN/,2
Poetry_Wisdom,QRY[,2
Poetry_Wisdom,QYH=/,2
Poetry_Wisdom,QYJR/,2
Poetry_Wisdom,R<B[,2
Poetry_Wisdom,R<H[,2
Poetry_Wisdom,RGZ[,2
Poetry_Wisdom,RJC/,2
Poetry_Wisdom,RJQ/,2
Poetry_Wisdom,RJQM,2
Poetry_Wisdom,RP>JM/,2
Poetry_Wisdom,RWH[,2
Poetry_Wisdom,RZN[,2
Poetry_Wisdom,S<D[,2
Poetry_Wisdom,STR/,2
Poetry_Wisdom,SWD/,2
Poetry_Wisdom,SWPH/,2
Poetry_Wisdom,SXR/,2
Poetry_Wisdom,T<B[,2
Poetry_Wisdom,T<H[,2
Poetry_Wisdom,TJRWC/,2
Poetry_Wisdom,TNWMH/,2
Poetry_Wisdom,TQWH/,2
Poetry_Wisdom,VB<[,2
Poetry_Wisdom,VBX/,2
Poetry_Wisdom,VHR/,2
Poetry_Wisdom,XBQ[,2
Poetry_Wisdom,XCB[,2
Poetry_Wisdom,XFK[,2
Poetry_Wisdom,XJ/,2
Poetry_Wisdom,XJL[,2
Poetry_Wisdom,XJQ/,2
Poetry_Wisdom,XK/,2
Poetry_Wisdom,XKMWT/,2
Poetry_Wisdom,XLKH/,2
Poetry_Wisdom,XLQ/,2
Poetry_Wisdom,XMH/,2
Poetry_Wisdom,XQ/,2
Poetry_Wisdom,XSR[,2
Poetry_Wisdom,XV>[,2
Poetry_Wisdom,XVP[,2
Poetry_Wisdom,YR/,2
Poetry_Wisdom,YR=/,2
Poetry_Wisdom,ZBX/,2
Poetry_Wisdom,ZNH[,2
Poetry_Wisdom,ZRW</,2
Poetry_Wisdom,<BRH=/,1
Poetry_Wisdom,<BT/,1
Poetry_Wisdom,<CC[,1
Poetry_Wisdom,<CJR/,1
Poetry_Wisdom,<D=/,1
Poetry_Wisdom,<KS/,1
Poetry_Wisdom,<LH/,1
Poetry_Wisdom,<LH=/,1
Poetry_Wisdom,<LJL/,1
Poetry_Wisdom,<LMWT/,1
Poetry_Wisdom,<LM[,1
Poetry_Wisdom,<LS[,1
Poetry_Wisdom,<MD/,1
Poetry_Wisdom,<MQ===/,1
Poetry_Wisdom,<MWD/,1
Poetry_Wisdom,<ND[,1
Poetry_Wisdom,<NQ=/,1
Poetry_Wisdom,<NWH=/,1
Poetry_Wisdom,<NWT/,1
Poetry_Wisdom,<QB/,1
Poetry_Wisdom,<QC[,1
Poetry_Wisdom,<RB/,1
Poetry_Wisdom,<RB===[,1
Poetry_Wisdom,<RB[,1
Poetry_Wisdom,<RP/,1
Poetry_Wisdom,<RPL/,1
Poetry_Wisdom,<RY[,1
Poetry_Wisdom,<TQ=/,1
Poetry_Wisdom,<TQ[,1
Poetry_Wisdom,<WD[,1
Poetry_Wisdom,<WL=/,1
Poetry_Wisdom,<WP[,1
Poetry_Wisdom,<YBH/,1
Poetry_Wisdom,<YBT/,1
Poetry_Wisdom,<YH=/,1
Poetry_Wisdom,<YMH=/,1
Poetry_Wisdom,<Z=/,1
Poetry_Wisdom,<Z===/,1
Poetry_Wisdom,<ZR/,1
Poetry_Wisdom,<ZRH/,1
Poetry_Wisdom,<ZWZ=/,1
Poetry_Wisdom,>BJR/,1
Poetry_Wisdom,>CM[,1
Poetry_Wisdom,>CNB/,1
Poetry_Wisdom,>CR=[,1
Poetry_Wisdom,>CWR=/,1
Poetry_Wisdom,>CWR==/,1
Poetry_Wisdom,>HB/,1
Poetry_Wisdom,>HB=/,1
Poetry_Wisdom,>HL==/,1
Poetry_Wisdom,>JLH/,1
Poetry_Wisdom,>JLWT/,1
Poetry_Wisdom,>K,1
Poetry_Wisdom,>KZRJ/,1
Poetry_Wisdom,>L==/,1
Poetry_Wisdom,>LH=/,1
Poetry_Wisdom,>LP/,1
Poetry_Wisdom,>LWH/,1
Poetry_Wisdom,>LWP=/,1
Poetry_Wisdom,>LX[,1
Poetry_Wisdom,>MLL=/,1
Poetry_Wisdom,>MN[,1
Poetry_Wisdom,>MWN/,1
Poetry_Wisdom,>MWN=/,1
Poetry_Wisdom,>NP[,1
Poetry_Wisdom,>NQH/,1
Poetry_Wisdom,>NXH/,1
Poetry_Wisdom,>PJQ/,1
Poetry_Wisdom,>PL=/,1
Poetry_Wisdom,>PP[,1
Poetry_Wisdom,>RCT/,1
Poetry_Wisdom,>RJ/,1
Poetry_Wisdom,>SM/,1
Poetry_Wisdom,>TH[,1
Poetry_Wisdom,>VWN/,1
Poetry_Wisdom,>WLT/,1
Poetry_Wisdom,>XR/,1
Poetry_Wisdom,>XWR/,1
Poetry_Wisdom,>XWT/,1
Poetry_Wisdom,>XZH/,1
Poetry_Wisdom,B<T[,1
Poetry_Wisdom,B>R/,1
Poetry_Wisdom,BDD/,1
Poetry_Wisdom,BHMH/,1
Poetry_Wisdom,BJN/,1
Poetry_Wisdom,BKJ/,1
Poetry_Wisdom,BLJ/,1
Poetry_Wisdom,BMH/,1
Poetry_Wisdom,BNH[,1
Poetry_Wisdom,BQ<[,1
Poetry_Wisdom,BR===/,1
Poetry_Wisdom,BRQ/,1
Poetry_Wisdom,BRX[,1
Poetry_Wisdom,BRZL/,1
Poetry_Wisdom,BY</,1
Poetry_Wisdom,C<N[,1
Poetry_Wisdom,C>GH/,1
Poetry_Wisdom,C>G[,1
Poetry_Wisdom,C>N[,1
Poetry_Wisdom,C>R/,1
Poetry_Wisdom,CBT[,1
Poetry_Wisdom,CBWT/,1
Poetry_Wisdom,CC/,1
Poetry_Wisdom,CD/,1
Poetry_Wisdom,CD=/,1
Poetry_Wisdom,CDD[,1
Poetry_Wisdom,CGJ>H/,1
Poetry_Wisdom,CGJWN/,1
Poetry_Wisdom,CJRH/,1
Poetry_Wisdom,CJT=/,1
Poetry_Wisdom,CKM/,1
Poetry_Wisdom,CLL/,1
Poetry_Wisdom,CLM/,1
Poetry_Wisdom,CLWH/,1
Poetry_Wisdom,CM</,1
Poetry_Wisdom,CMC/,1
Poetry_Wisdom,CPL[,1
Poetry_Wisdom,CPR[,1
Poetry_Wisdom,CPT[,1
Poetry_Wisdom,CQD[,1
Poetry_Wisdom,CQWJ/,1
Poetry_Wisdom,CQY[,1
Poetry_Wisdom,CR/,1
Poetry_Wisdom,CT/,1
Poetry_Wisdom,CTL[,1
Poetry_Wisdom,CVR[,1
Poetry_Wisdom,CW<==/,1
Poetry_Wisdom,CW<H/,1
Poetry_Wisdom,CWB=[,1
Poetry_Wisdom,CWQ=/,1
Poetry_Wisdom,CWR/,1
Poetry_Wisdom,CWR=/,1
Poetry_Wisdom,CWRR/,1
Poetry_Wisdom,CWX[,1
Poetry_Wisdom,CXQ[,1
Poetry_Wisdom,CXR/,1
Poetry_Wisdom,CXX[,1
Poetry_Wisdom,D>H[,1
Poetry_Wisdom,DBC/,1
Poetry_Wisdom,DBH/,1
Poetry_Wisdom,DBQ[,1
Poetry_Wisdom,DBR=[,1
Poetry_Wisdom,DC>/,1
Poetry_Wisdom,DCN=/,1
Poetry_Wisdom,DD/,1
Poetry_Wisdom,DG/,1
Poetry_Wisdom,DGL[,1
Poetry_Wisdom,DGN/,1
Poetry_Wisdom,DJN/,1
Poetry_Wisdom,DKH[,1
Poetry_Wisdom,DL/,1
Poetry_Wisdom,DLG[,1
Poetry_Wisdom,DLT/,1
Poetry_Wisdom,DM<H/,1
Poetry_Wisdom,DMJN/,1
Poetry_Wisdom,DMM[,1
Poetry_Wisdom,DWD/,1
Poetry_Wisdom,DWMJH/,1
Poetry_Wisdom,DWNG/,1
Poetry_Wisdom,FB</,1
Poetry_Wisdom,FB<==/,1
Poetry_Wisdom,FDJ/,1
Poetry_Wisdom,FGB[,1
Poetry_Wisdom,FJX[,1
Poetry_Wisdom,FKL/,1
Poetry_Wisdom,FMX/,1
Poetry_Wisdom,FR/,1
Poetry_Wisdom,FRP[,1
Poetry_Wisdom,FRR[,1
Poetry_Wisdom,FWF[,1
Poetry_Wisdom,FXH[,1
Poetry_Wisdom,FXWQ/,1
Poetry_Wisdom,G<RH/,1
Poetry_Wisdom,G<R[,1
Poetry_Wisdom,G>H=/,1
Poetry_Wisdom,G>L[,1
Poetry_Wisdom,G>WH/,1
Poetry_Wisdom,G>WN/,1
Poetry_Wisdom,G>WT/,1
Poetry_Wisdom,GB<H/,1
Poetry_Wisdom,GBH=/,1
Poetry_Wisdom,GBR[,1
Poetry_Wisdom,GDL[,1
Poetry_Wisdom,GDWD/,1
Poetry_Wisdom,GJ>/,1
Poetry_Wisdom,GLH[,1
Poetry_Wisdom,GLL[,1
Poetry_Wisdom,GNB/,1
Poetry_Wisdom,GP=/,1
Poetry_Wisdom,GPRJT/,1
Poetry_Wisdom,GRWN/,1
Poetry_Wisdom,GTJT/,1
Poetry_Wisdom,GW/,1
Poetry_Wisdom,GWR==[,1
Poetry_Wisdom,GXH[,1
Poetry_Wisdom,GZL[,1
Poetry_Wisdom,HDP[,1
Poetry_Wisdom,HGJG/,1
Poetry_Wisdom,HLL==[,1
Poetry_Wisdom,HMM[,1
Poetry_Wisdom,HRH[,1
Poetry_Wisdom,HRS[,1
Poetry_Wisdom,HWH=/,1
Poetry_Wisdom,HWH==/,1
Poetry_Wisdom,J<LH/,1
Poetry_Wisdom,J<L[,1
Poetry_Wisdom,J<N/,1
Poetry_Wisdom,J<Y[,1
Poetry_Wisdom,JBC[,1
Poetry_Wisdom,JG<[,1
Poetry_Wisdom,JGWN/,1
Poetry_Wisdom,JMJNJ/,1
Poetry_Wisdom,JNQ[,1
Poetry_Wisdom,JPJ/,1
Poetry_Wisdom,JQB/,1
Poetry_Wisdom,JQC[,1
Poetry_Wisdom,JQWC/,1
Poetry_Wisdom,JRC[,1
Poetry_Wisdom,JRH=[,1
Poetry_Wisdom,JRX=/,1
Poetry_Wisdom,JSD=[,1
Poetry_Wisdom,JSWD/,1
Poetry_Wisdom,JTR/,1
Poetry_Wisdom,JTR=/,1
Poetry_Wisdom,JTR[,1
Poetry_Wisdom,JWYR/,1
Poetry_Wisdom,JXD/,1
Poetry_Wisdom,K>H/,1
Poetry_Wisdom,KBD=/,1
Poetry_Wisdom,KJS/,1
Poetry_Wisdom,KKR/,1
Poetry_Wisdom,KLMH/,1
Poetry_Wisdom,KPJR/,1
Poetry_Wisdom,KPR/,1
Poetry_Wisdom,KRH[,1
Poetry_Wisdom,KRWB/,1
Poetry_Wisdom,KS>=/,1
Poetry_Wisdom,KSJLWT/,1
Poetry_Wisdom,KSL/,1
Poetry_Wisdom,KSP[,1
Poetry_Wisdom,KTR[,1
Poetry_Wisdom,KWH[,1
Poetry_Wisdom,KWKB/,1
Poetry_Wisdom,KXC[,1
Poetry_Wisdom,L<NH/,1
Poetry_Wisdom,LBWC/,1
Poetry_Wisdom,LJN[,1
Poetry_Wisdom,LKD/,1
Poetry_Wisdom,LKN,1
Poetry_Wisdom,LVC[,1
Poetry_Wisdom,LXJ/,1
Poetry_Wisdom,LYWN/,1
Poetry_Wisdom,LZWT/,1
Poetry_Wisdom,M<D[,1
Poetry_Wisdom,M<JM/,1
Poetry_Wisdom,M<L/,1
Poetry_Wisdom,M<WZ/,1
Poetry_Wisdom,M>KL/,1
Poetry_Wisdom,M>N[,1
Poetry_Wisdom,M>RB/,1
Poetry_Wisdom,M>RH/,1
Poetry_Wisdom,M>WM/,1
Poetry_Wisdom,MBW>/,1
Poetry_Wisdom,MC<N=/,1
Poetry_Wisdom,MC<NT/,1
Poetry_Wisdom,MC>LH/,1
Poetry_Wisdom,MCH[,1
Poetry_Wisdom,MCK[,1
Poetry_Wisdom,MCMR/,1
Poetry_Wisdom,MCPXH/,1
Poetry_Wisdom,MCWBH/,1
Poetry_Wisdom,MD<=/,1
Poetry_Wisdom,MDJN/,1
Poetry_Wisdom,MGN=/,1
Poetry_Wisdom,MGN[,1
Poetry_Wisdom,MGWRH/,1
Poetry_Wisdom,MHR=[,1
Poetry_Wisdom,MJTR/,1
Poetry_Wisdom,MKTM/,1
Poetry_Wisdom,ML>=/,1
Poetry_Wisdom,MLH/,1
Poetry_Wisdom,MLJYH/,1
Poetry_Wisdom,MLK[,1
Poetry_Wisdom,MLL[,1
Poetry_Wisdom,MLQXJM=/,1
Poetry_Wisdom,MLV[,1
Poetry_Wisdom,MLWKH/,1
Poetry_Wisdom,MNWXH/,1
Poetry_Wisdom,MNXH/,1
Poetry_Wisdom,MP<L/,1
Poetry_Wisdom,MPTX=/,1
Poetry_Wisdom,MQWM/,1
Poetry_Wisdom,MR/,1
Poetry_Wisdom,MR==/,1
Poetry_Wisdom,MRBDJM/,1
Poetry_Wisdom,MRH[,1
Poetry_Wisdom,MRXB/,1
Poetry_Wisdom,MSGRT/,1
Poetry_Wisdom,MSH[,1
Poetry_Wisdom,MSS[,1
Poetry_Wisdom,MTQ[,1
Poetry_Wisdom,MTWQ/,1
Poetry_Wisdom,MVH=/,1
Poetry_Wisdom,MVMN/,1
Poetry_Wisdom,MVR[,1
Poetry_Wisdom,MWCB/,1
Poetry_Wisdom,MWQC/,1
Poetry_Wisdom,MWRH/,1
Poetry_Wisdom,MWRH==/,1
Poetry_Wisdom,MWR[,1
Poetry_Wisdom,MWSDH=/,1
Poetry_Wisdom,MWSRH/,1
Poetry_Wisdom,MWY>/,1
Poetry_Wisdom,MXCBH/,1
Poetry_Wisdom,MXR/,1
Poetry_Wisdom,MXSH/,1
Poetry_Wisdom,MXSWR/,1
Poetry_Wisdom,MXY[,1
Poetry_Wisdom,MY/,1
Poetry_Wisdom,MYWDH/,1
Poetry_Wisdom,MYWQH/,1
Poetry_Wisdom,MZWZH/,1
Poetry_Wisdom,N<M/,1
Poetry_Wisdom,N<RH/,1
Poetry_Wisdom,N>P[,1
Poetry_Wisdom,NBL/,1
Poetry_Wisdom,NCK/,1
Poetry_Wisdom,NCMH/,1
Poetry_Wisdom,NCP/,1
Poetry_Wisdom,NDJB/,1
Poetry_Wisdom,NDP[,1
Poetry_Wisdom,NG</,1
Poetry_Wisdom,NG<[,1
Poetry_Wisdom,NGH[,1
Poetry_Wisdom,NGJD/,1
Poetry_Wisdom,NGP[,1
Poetry_Wisdom,NHL[,1
Poetry_Wisdom,NHM[,1
Poetry_Wisdom,NHR/,1
Poetry_Wisdom,NKH[,1
Poetry_Wisdom,NKX/,1
Poetry_Wisdom,NMLH/,1
Poetry_Wisdom,NPY[,1
Poetry_Wisdom,NQC[,1
Poetry_Wisdom,NQM/,1
Poetry_Wisdom,NQMH/,1
Poetry_Wisdom,NQM[,1
Poetry_Wisdom,NSK/,1
Poetry_Wisdom,NSX[,1
Poetry_Wisdom,NTC[,1
Poetry_Wisdom,NTQ[,1
Poetry_Wisdom,NVP[,1
Poetry_Wisdom,NWB[,1
Poetry_Wisdom,NWD[,1
Poetry_Wisdom,NWH/,1
Poetry_Wisdom,NWH=/,1
Poetry_Wisdom,NWP=[,1
Poetry_Wisdom,NWX[,1
Poetry_Wisdom,NXJLWT/,1
Poetry_Wisdom,NXL/,1
Poetry_Wisdom,NXM[,1
Poetry_Wisdom,NXT[,1
Poetry_Wisdom,NXWCH/,1
Poetry_Wisdom,NYB[,1
Poetry_Wisdom,NZL[,1
Poetry_Wisdom,P<L/,1
Poetry_Wisdom,PDH[,1
Poetry_Wisdom,PLH[,1
Poetry_Wisdom,PLL[,1
Poetry_Wisdom,PLS[,1
Poetry_Wisdom,PLX[,1
Poetry_Wisdom,PNH[,1
Poetry_Wisdom,PQWDJM/,1
Poetry_Wisdom,PR/,1
Poetry_Wisdom,PRD[,1
Poetry_Wisdom,PRJY/,1
Poetry_Wisdom,PRQ[,1
Poetry_Wisdom,PRY[,1
Poetry_Wisdom,PSS[,1
Poetry_Wisdom,PT</,1
Poetry_Wisdom,PTH[,1
Poetry_Wisdom,PTJ=/,1
Poetry_Wisdom,PTJWT/,1
Poetry_Wisdom,PTX[,1
Poetry_Wisdom,PVR[,1
Poetry_Wisdom,PYH[,1
Poetry_Wisdom,QBR/,1
Poetry_Wisdom,QDQD/,1
Poetry_Wisdom,QN>H/,1
Poetry_Wisdom,QN>[,1
Poetry_Wisdom,QNH=[,1
Poetry_Wisdom,QNJN/,1
Poetry_Wisdom,QNMWN/,1
Poetry_Wisdom,QRB/,1
Poetry_Wisdom,QRB[,1
Poetry_Wisdom,QRJH/,1
Poetry_Wisdom,QRSL/,1
Poetry_Wisdom,QW/,1
Poetry_Wisdom,QWY[,1
Poetry_Wisdom,QYJN/,1
Poetry_Wisdom,QYR[,1
Poetry_Wisdom,QYWT/,1
Poetry_Wisdom,R<<=[,1
Poetry_Wisdom,R<C[,1
Poetry_Wisdom,R<DH/,1
Poetry_Wisdom,R<M[,1
Poetry_Wisdom,R<P[,1
Poetry_Wisdom,R>M/,1
Poetry_Wisdom,RBBH/,1
Poetry_Wisdom,RBD[,1
Poetry_Wisdom,RBY[,1
Poetry_Wisdom,RC<[,1
Poetry_Wisdom,RDM[,1
Poetry_Wisdom,RG</,1
Poetry_Wisdom,RGC[,1
Poetry_Wisdom,RGL[,1
Poetry_Wisdom,RHB[,1
Poetry_Wisdom,RJB/,1
Poetry_Wisdom,RJB[,1
Poetry_Wisdom,RJQ[,1
Poetry_Wisdom,RK/,1
Poetry_Wisdom,RKB/,1
Poetry_Wisdom,RKB[,1
Poetry_Wisdom,RMJH/,1
Poetry_Wisdom,RMS[,1
Poetry_Wisdom,RNH/,1
Poetry_Wisdom,RP>WT/,1
Poetry_Wisdom,RP>[,1
Poetry_Wisdom,RPH[,1
Poetry_Wisdom,RPS[,1
Poetry_Wisdom,RQB[,1
Poetry_Wisdom,RQJ</,1
Poetry_Wisdom,RWC[,1
Poetry_Wisdom,RWJH/,1
Poetry_Wisdom,RXM/,1
Poetry_Wisdom,RXMJM/,1
Poetry_Wisdom,RXM[,1
Poetry_Wisdom,RYH[,1
Poetry_Wisdom,SGR[,1
Poetry_Wisdom,SK/,1
Poetry_Wisdom,SKH/,1
Poetry_Wisdom,SKK[,1
Poetry_Wisdom,SL</,1
Poetry_Wisdom,SLL[,1
Poetry_Wisdom,SLX[,1
Poetry_Wisdom,SMK[,1
Poetry_Wisdom,SRR[,1
Poetry_Wisdom,SWS/,1
Poetry_Wisdom,TK/,1
Poetry_Wisdom,TMWNH/,1
Poetry_Wisdom,TNH[,1
Poetry_Wisdom,TNWR/,1
Poetry_Wisdom,TP>RT/,1
Poetry_Wisdom,TPF[,1
Poetry_Wisdom,TQ<[,1
Poetry_Wisdom,TQWPH/,1
Poetry_Wisdom,TWGH/,1
Poetry_Wisdom,TWL<T/,1
Poetry_Wisdom,TWXLT/,1
Poetry_Wisdom,TWY>WT/,1
Poetry_Wisdom,TXBLWT/,1
Poetry_Wisdom,TXLH/,1
Poetry_Wisdom,TXNH/,1
Poetry_Wisdom,VBX[,1
Poetry_Wisdom,VJV/,1
Poetry_Wisdom,VL/,1
Poetry_Wisdom,VMN[,1
Poetry_Wisdom,VRM/,1
Poetry_Wisdom,VWB=/,1
Poetry_Wisdom,VWBH/,1
Poetry_Wisdom,XBL==[,1
Poetry_Wisdom,XBQ/,1
Poetry_Wisdom,XCKH/,1
Poetry_Wisdom,XD/,1
Poetry_Wisdom,XDH[,1
Poetry_Wisdom,XDL[,1
Poetry_Wisdom,XDR/,1
Poetry_Wisdom,XJDH/,1
Poetry_Wisdom,XJL=[,1
Poetry_Wisdom,XLB=/,1
Poetry_Wisdom,XLD/,1
Poetry_Wisdom,XLL/,1
Poetry_Wisdom,XLQ===/,1
Poetry_Wisdom,XLQH=/,1
Poetry_Wisdom,XLQ[,1
Poetry_Wisdom,XLWN/,1
Poetry_Wisdom,XMH=/,1
Poetry_Wisdom,XML[,1
Poetry_Wisdom,XMS[,1
Poetry_Wisdom,XMY=/,1
Poetry_Wisdom,XPF[,1
Poetry_Wisdom,XPH/,1
Poetry_Wisdom,XPR=[,1
Poetry_Wisdom,XQH/,1
Poetry_Wisdom,XRBH=/,1
Poetry_Wisdom,XRF/,1
Poetry_Wisdom,XRG[,1
Poetry_Wisdom,XRH[,1
Poetry_Wisdom,XRWN/,1
Poetry_Wisdom,XRWY====/,1
Poetry_Wisdom,XSD[,1
Poetry_Wisdom,XTH[,1
Poetry_Wisdom,XTN/,1
Poetry_Wisdom,XVB=[,1
Poetry_Wisdom,XWC[,1
Poetry_Wisdom,XWG/,1
Poetry_Wisdom,XWH=[,1
Poetry_Wisdom,XYB[,1
Poetry_Wisdom,XYR/,1
Poetry_Wisdom,XZQ===/,1
Poetry_Wisdom,Y<D[,1
Poetry_Wisdom,Y<QH/,1
Poetry_Wisdom,YB>/,1
Poetry_Wisdom,YBJ=/,1
Poetry_Wisdom,YDQ[,1
Poetry_Wisdom,YL/,1
Poetry_Wisdom,YLMWT/,1
Poetry_Wisdom,YLX[,1
Poetry_Wisdom,YMT[,1
Poetry_Wisdom,YNH/,1
Poetry_Wisdom,YNH=/,1
Poetry_Wisdom,YPH[,1
Poetry_Wisdom,YRR[,1
Poetry_Wisdom,YRWR/,1
Poetry_Wisdom,YWD[,1
Poetry_Wisdom,YWH[,1
Poetry_Wisdom,YWP/,1
Poetry_Wisdom,YWQH/,1
Poetry_Wisdom,Z<M[,1
Poetry_Wisdom,Z<Q[,1
Poetry_Wisdom,ZBX[,1
Poetry_Wisdom,ZD/,1
Poetry_Wisdom,ZHB/,1
Poetry_Wisdom,ZHR[,1
Poetry_Wisdom,ZL<PH/,1
Poetry_Wisdom,ZLT/,1
Poetry_Wisdom,ZMH/,1
Poetry_Wisdom,ZMM[,1
Poetry_Wisdom,ZQQ[,1
Poetry_Wisdom,ZRH[,1
Poetry_Wisdom,ZWLH/,1
Prophecy,>MR[,94
Prophecy,KL/,74
Prophecy,HJH[,69
Prophecy,>RY/,56
Prophecy,JWM/,52
Prophecy,<M/,48
Prophecy,BJT/,47
Prophecy,>KL[,31
Prophecy,BN/,31
Prophecy,<FH[,30
Prophecy,YB>/,30
Prophecy,BW>[,29
Prophecy,CWB[,28
Prophecy,JD/,28
Prophecy,HLK[,24
Prophecy,KH,23
Prophecy,MLK/,23
Prophecy,N>M/,23
Prophecy,PNH/,23
Prophecy,<WD/,21
Prophecy,>JC/,21
Prophecy,>JN/,21
Prophecy,JCB[,21
Prophecy,>LHJM/,20
Prophecy,NF>[,20
Prophecy,<LH[,19
Prophecy,CM<[,19
Prophecy,R>H[,18
Prophecy,>C/,17
Prophecy,GWJ/,16
Prophecy,HR/,16
Prophecy,QR>[,16
Prophecy,R>C/,16
Prophecy,<JN/,15
Prophecy,<JR/,15
Prophecy,DBR/,15
Prophecy,JD<[,15
Prophecy,LKN,15
Prophecy,>P/,14
Prophecy,CLX[,14
Prophecy,NPL[,14
Prophecy,QWM[,14
Prophecy,>DMH/,13
Prophecy,CM/,13
Prophecy,GLH[,13
Prophecy,JM/,13
Prophecy,KRM/,13
Prophecy,MCPV/,13
Prophecy,SWR[,13
Prophecy,>RMWN/,12
Prophecy,MJM/,12
Prophecy,QRB/,12
Prophecy,RB/,12
Prophecy,XRB/,12
Prophecy,>RB</,11
Prophecy,>XD/,11
Prophecy,CLC/,11
Prophecy,CM,11
Prophecy,CNJM/,11
Prophecy,NKH[,11
Prophecy,NVH[,11
Prophecy,QDWC/,11
Prophecy,TXT/,11
Prophecy,<BR[,10
Prophecy,>WR/,10
Prophecy,JSP[,10
Prophecy,KBWD/,10
Prophecy,PC</,10
Prophecy,RWX/,10
Prophecy,>DM/,9
Prophecy,CPV[,9
Prophecy,DBR[,9
Prophecy,DRC[,9
Prophecy,DRK/,9
Prophecy,JXDW,9
Prophecy,KN,9
Prophecy,LBB/,9
Prophecy,PH/,9
Prophecy,YDQH/,9
Prophecy,FR/,8
Prophecy,JJN/,8
Prophecy,LQX[,8
Prophecy,ML>[,8
Prophecy,NPC/,8
Prophecy,NTN[,8
Prophecy,R</,8
Prophecy,RWM[,8
Prophecy,VWB/,8
Prophecy,B<R[,7
Prophecy,BT/,7
Prophecy,C>R=/,7
Prophecy,CBV/,7
Prophecy,CTH[,7
Prophecy,FJM[,7
Prophecy,GM,7
Prophecy,JY>[,7
Prophecy,MWT[,7
Prophecy,NBJ>/,7
Prophecy,NW<[,7
Prophecy,YWH[,7
Prophecy,<TH,6
Prophecy,<ZB[,6
Prophecy,>B/,6
Prophecy,>L/,6
Prophecy,>LJL/,6
Prophecy,BJN[,6
Prophecy,BNH[,6
Prophecy,CJT/,6
Prophecy,CMD[,6
Prophecy,CMJR/,6
Prophecy,CPL[,6
Prophecy,DL/,6
Prophecy,G>WN/,6
Prophecy,GBWR/,6
Prophecy,J<R/,6
Prophecy,KRT[,6
Prophecy,KSP/,6
Prophecy,LXM/,6
Prophecy,M<FH/,6
Prophecy,M>S[,6
Prophecy,N<R/,6
Prophecy,NB>[,6
Prophecy,NWS[,6
Prophecy,PLCTJ/,6
Prophecy,PRJ/,6
Prophecy,QWL/,6
Prophecy,R<<[,6
Prophecy,TWRH/,6
Prophecy,XCK/,6
Prophecy,<MD[,5
Prophecy,<NJ/,5
Prophecy,>BJWN/,5
Prophecy,>DWN/,5
Prophecy,>MN[,5
Prophecy,>SP[,5
Prophecy,>ZN/,5
Prophecy,C>R[,5
Prophecy,CNH/,5
Prophecy,FN>[,5
Prophecy,GB<H/,5
Prophecy,GDWL/,5
Prophecy,HPK[,5
Prophecy,HRG[,5
Prophecy,JKX[,5
Prophecy,JRD[,5
Prophecy,JTR[,5
Prophecy,KNP/,5
Prophecy,KTB[,5
Prophecy,MLXMH/,5
Prophecy,MVH/,5
Prophecy,MVR[,5
Prophecy,MZBX/,5
Prophecy,NG<[,5
Prophecy,NGD/,5
Prophecy,PQD[,5
Prophecy,R<H/,5
Prophecy,RGL/,5
Prophecy,SWS/,5
Prophecy,TWK/,5
Prophecy,XTT[,5
Prophecy,XWMH/,5
Prophecy,YWR/,5
Prophecy,<RY[,4
Prophecy,<WN/,4
Prophecy,>CH/,4
Prophecy,>CR[,4
Prophecy,>LMNH/,4
Prophecy,>NK/,4
Prophecy,>X/,4
Prophecy,>XR/,4
Prophecy,>XRJT/,4
Prophecy,BXWR/,4
Prophecy,BZZ[,4
Prophecy,C>G[,4
Prophecy,CB<[,4
Prophecy,CLL/,4
Prophecy,CMN/,4
Prophecy,CRC/,4
Prophecy,CXX[,4
Prophecy,DM/,4
Prophecy,DRK[,4
Prophecy,FGB[,4
Prophecy,FMLH/,4
Prophecy,FPH/,4
Prophecy,GDL[,4
Prophecy,GNH/,4
Prophecy,HDR/,4
Prophecy,J<N/,4
Prophecy,J<Y[,4
Prophecy,JLD/,4
Prophecy,JR>[,4
Prophecy,JTWM/,4
Prophecy,KLH[,4
Prophecy,LKD[,4
Prophecy,M<L/,4
Prophecy,M<V/,4
Prophecy,MLV[,4
Prophecy,MMLKH/,4
Prophecy,MQWM/,4
Prophecy,N<L/,4
Prophecy,NBV[,4
Prophecy,NGC[,4
Prophecy,NV<[,4
Prophecy,NWP[,4
Prophecy,NXL/,4
Prophecy,NXM[,4
Prophecy,NYL[,4
Prophecy,PC<[,4
Prophecy,QDC/,4
Prophecy,QVN/,4
Prophecy,QWH[,4
Prophecy,R<H[,4
Prophecy,RBH[,4
Prophecy,XCB[,4
Prophecy,XDC=/,4
Prophecy,XJH[,4
Prophecy,YDJQ/,4
Prophecy,YDQ/,4
Prophecy,ZQN/,4
Prophecy,ZR</,4
Prophecy,<BRH=/,3
Prophecy,<CN/,3
Prophecy,<FRH=/,3
Prophecy,<L/,3
Prophecy,<NB/,3
Prophecy,<PR/,3
Prophecy,<T/,3
Prophecy,<WP[,3
Prophecy,<Y/,3
Prophecy,<YH/,3
Prophecy,>BD[,3
Prophecy,>BL==/,3
Prophecy,>BL[,3
Prophecy,>HB[,3
Prophecy,>JB[,3
Prophecy,>LP=/,3
Prophecy,>LWN=/,3
Prophecy,>PS/,3
Prophecy,>RJH/,3
Prophecy,>RZ/,3
Prophecy,>WN=/,3
Prophecy,>WT/,3
Prophecy,>ZN[,3
Prophecy,>ZWR/,3
Prophecy,BD/,3
Prophecy,BJN/,3
Prophecy,BLT/,3
Prophecy,BQR/,3
Prophecy,BQR=/,3
Prophecy,BR/,3
Prophecy,BXR[,3
Prophecy,C<R/,3
Prophecy,C>RJT/,3
Prophecy,CC/,3
Prophecy,CD/,3
Prophecy,CJR/,3
Prophecy,CKM/,3
Prophecy,CLK[,3
Prophecy,CMJM/,3
Prophecy,CMMH/,3
Prophecy,CMR[,3
Prophecy,CN/,3
Prophecy,CXT[,3
Prophecy,FB<[,3
Prophecy,FDH/,3
Prophecy,GBH/,3
Prophecy,GBH[,3
Prophecy,GBWL/,3
Prophecy,GD<[,3
Prophecy,HMWN/,3
Prophecy,JCW<H/,3
Prophecy,JKL[,3
Prophecy,JLD[,3
Prophecy,JR>H/,3
Prophecy,KBD[,3
Prophecy,KBF/,3
Prophecy,KCL[,3
Prophecy,KPJR/,3
Prophecy,KSH[,3
Prophecy,KWN[,3
Prophecy,L>H[,3
Prophecy,LCWN/,3
Prophecy,LHBH/,3
Prophecy,M<LL/,3
Prophecy,ML>=/,3
Prophecy,MNXH/,3
Prophecy,MQDC/,3
Prophecy,MR/,3
Prophecy,MRJ>/,3
Prophecy,MRMS/,3
Prophecy,MSPD/,3
Prophecy,MY>[,3
Prophecy,NBL==/,3
Prophecy,NGD[,3
Prophecy,NGF[,3
Prophecy,NHR/,3
Prophecy,NS/,3
Prophecy,NWX[,3
Prophecy,NYB[,3
Prophecy,PX=/,3
Prophecy,PXD/,3
Prophecy,QCT/,3
Prophecy,QDM/,3
Prophecy,QJY/,3
Prophecy,QL/,3
Prophecy,QNH[,3
Prophecy,QRB[,3
Prophecy,QYH=/,3
Prophecy,QYJN/,3
Prophecy,R<B/,3
Prophecy,RC</,3
Prophecy,RDP[,3
Prophecy,RJB[,3
Prophecy,RWM=/,3
Prophecy,SGR[,3
Prophecy,SKH/,3
Prophecy,SL</,3
Prophecy,T<H[,3
Prophecy,TP>RT/,3
Prophecy,VM>/,3
Prophecy,XCK[,3
Prophecy,XDL[,3
Prophecy,XJ/,3
Prophecy,XJL/,3
Prophecy,XLP[,3
Prophecy,XM>H/,3
Prophecy,XQ/,3
Prophecy,XV>=/,3
Prophecy,XV>T/,3
Prophecy,XWY/,3
Prophecy,XZH[,3
Prophecy,Y>N/,3
Prophecy,YM>=/,3
Prophecy,YR=/,3
Prophecy,YRR=[,3
Prophecy,ZBX/,3
Prophecy,ZKR[,3
Prophecy,ZNB/,3
Prophecy,<BR/,2
Prophecy,<BWR/,2
Prophecy,<D/,2
Prophecy,<DR=[,2
Prophecy,<GL/,2
Prophecy,<GLH=/,2
Prophecy,<LH/,2
Prophecy,<NH[,2
Prophecy,<NW/,2
Prophecy,<QB/,2
Prophecy,<RF/,2
Prophecy,<WD[,2
Prophecy,<WLM/,2
Prophecy,<WQ[,2
Prophecy,<YM/,2
Prophecy,<YWM/,2
Prophecy,>JPH/,2
Prophecy,>LH/,2
Prophecy,>MRJ/,2
Prophecy,>RJ/,2
Prophecy,>RX/,2
Prophecy,>WD/,2
Prophecy,>XWR/,2
Prophecy,>ZR[,2
Prophecy,B<D/,2
Prophecy,B>C=/,2
Prophecy,B>R/,2
Prophecy,BFR/,2
Prophecy,BL<=[,2
Prophecy,BLJ/,2
Prophecy,BMH/,2
Prophecy,BQ<[,2
Prophecy,BQC[,2
Prophecy,BR>[,2
Prophecy,BRZL/,2
Prophecy,BTWLH/,2
Prophecy,BVX[,2
Prophecy,BY<[,2
Prophecy,C<N[,2
Prophecy,C>H[,2
Prophecy,C>L[,2
Prophecy,C>P[,2
Prophecy,C>WL/,2
Prophecy,C>WN/,2
Prophecy,CB</,2
Prophecy,CBJ/,2
Prophecy,CBR/,2
Prophecy,CBR=[,2
Prophecy,CBR[,2
Prophecy,CBT/,2
Prophecy,CJRH/,2
Prophecy,CKR=/,2
Prophecy,CLM=/,2
Prophecy,CLWM/,2
Prophecy,CMM[,2
Prophecy,CPK[,2
Prophecy,CQ<[,2
Prophecy,CQMH/,2
Prophecy,CRQ[,2
Prophecy,CVP[,2
Prophecy,CW>/,2
Prophecy,CWPR/,2
Prophecy,CWR/,2
Prophecy,CXD/,2
Prophecy,CXR/,2
Prophecy,D<T/,2
Prophecy,DB/,2
Prophecy,DBC/,2
Prophecy,DMH[,2
Prophecy,DWD/,2
Prophecy,FMXH/,2
Prophecy,FMX[,2
Prophecy,FQ/,2
Prophecy,FRP/,2
Prophecy,FRPH/,2
Prophecy,FRP[,2
Prophecy,G>WT/,2
Prophecy,GBH=/,2
Prophecy,GBHWT/,2
Prophecy,GBWRH/,2
Prophecy,GDL/,2
Prophecy,GLJWN/,2
Prophecy,GLL[,2
Prophecy,GLWT/,2
Prophecy,GML[,2
Prophecy,GWR[,2
Prophecy,GZJT/,2
Prophecy,HJKL/,2
Prophecy,HRH/,2
Prophecy,HSH[,2
Prophecy,JBC[,2
Prophecy,JDH[,2
Prophecy,JDJD/,2
Prophecy,JQD/,2
Prophecy,JRC[,2
Prophecy,JRH[,2
Prophecy,JWMM,2
Prophecy,JYR[,2
Prophecy,JYT[,2
Prophecy,KBH[,2
Prophecy,KHN/,2
Prophecy,KLJ/,2
Prophecy,KLWB/,2
Prophecy,KP/,2
Prophecy,KS>/,2
Prophecy,KX/,2
Prophecy,L<NH/,2
Prophecy,LB/,2
Prophecy,LJLH/,2
Prophecy,LJN[,2
Prophecy,LMD[,2
Prophecy,LQC/,2
Prophecy,LXC/,2
Prophecy,M>H/,2
Prophecy,M>KLT=/,2
Prophecy,MC<N=/,2
Prophecy,MCK[,2
Prophecy,MCL[,2
Prophecy,MCPXH/,2
Prophecy,MDBR/,2
Prophecy,MFRH/,2
Prophecy,MGDL/,2
Prophecy,MHPKH/,2
Prophecy,MKH/,2
Prophecy,ML>/,2
Prophecy,MQ/,2
Prophecy,MQR>/,2
Prophecy,MRH[,2
Prophecy,MRXQ/,2
Prophecy,MSLH/,2
Prophecy,MT/,2
Prophecy,MTNJM/,2
Prophecy,MTWQ/,2
Prophecy,MVH=/,2
Prophecy,MVR/,2
Prophecy,MWG[,2
Prophecy,MWQC/,2
Prophecy,MWR>/,2
Prophecy,MYBT/,2
Prophecy,N>Y[,2
Prophecy,NCK[,2
Prophecy,NDD[,2
Prophecy,NDX[,2
Prophecy,NGH/,2
Prophecy,NHM[,2
Prophecy,NVC[,2
Prophecy,NVP[,2
Prophecy,NXC/,2
Prophecy,NYX/,2
Prophecy,NZJR/,2
Prophecy,P<L/,2
Prophecy,PLJVH/,2
Prophecy,PRH/,2
Prophecy,PRY/,2
Prophecy,PTX[,2
Prophecy,QCR/,2
Prophecy,QDC[,2
Prophecy,QJNH/,2
Prophecy,QLL[,2
Prophecy,QN>H/,2
Prophecy,QR>=[,2
Prophecy,QRJH/,2
Prophecy,QRN/,2
Prophecy,QRXH/,2
Prophecy,QY/,2
Prophecy,QYH==/,2
Prophecy,QYJR/,2
Prophecy,R<B[,2
Prophecy,R<C/,2
Prophecy,R>CJT/,2
Prophecy,R>CWN/,2
Prophecy,RB=/,2
Prophecy,RBY[,2
Prophecy,RGZ[,2
Prophecy,RKK[,2
Prophecy,RQ,2
Prophecy,RWX[,2
Prophecy,RXB[,2
Prophecy,RXY[,2
Prophecy,SBK/,2
Prophecy,SBL==/,2
Prophecy,SJG/,2
Prophecy,SP=/,2
Prophecy,SRWX/,2
Prophecy,STR[,2
Prophecy,SWPH/,2
Prophecy,T<WDH/,2
Prophecy,TMK[,2
Prophecy,TPF[,2
Prophecy,TRW<H/,2
Prophecy,TXLH/,2
Prophecy,VRM/,2
Prophecy,VRP/,2
Prophecy,XBC[,2
Prophecy,XBL=/,2
Prophecy,XG/,2
Prophecy,XKM/,2
Prophecy,XKMH/,2
Prophecy,XLQH/,2
Prophecy,XLQ[,2
Prophecy,XLY/,2
Prophecy,XMC/,2
Prophecy,XMS/,2
Prophecy,XNP/,2
Prophecy,XRC=[,2
Prophecy,XRD[,2
Prophecy,XRY[,2
Prophecy,XSN/,2
Prophecy,XWH[,2
Prophecy,XY/,2
Prophecy,XYB[,2
Prophecy,YHL[,2
Prophecy,YLMWT/,2
Prophecy,YPP[,2
Prophecy,YW>R/,2
Prophecy,Z<M/,2
Prophecy,ZHB/,2
Prophecy,ZNH[,2
Prophecy,ZR/,2
Prophecy,<B/,1
Prophecy,<BD/,1
Prophecy,<BT/,1
Prophecy,<CN=/,1
Prophecy,<CQ[,1
Prophecy,<CWQJM/,1
Prophecy,<D=/,1
Prophecy,<FB/,1
Prophecy,<FJRJ/,1
Prophecy,<GLH/,1
Prophecy,<JP/,1
Prophecy,<JPH/,1
Prophecy,<KS/,1
Prophecy,<KS[,1
Prophecy,<LH=/,1
Prophecy,<LJLH/,1
Prophecy,<LJWN/,1
Prophecy,<LL[,1
Prophecy,<LMH/,1
Prophecy,<LM[,1
Prophecy,<LP[,1
Prophecy,<LZ/,1
Prophecy,<MJR/,1
Prophecy,<ML/,1
Prophecy,<MQ[,1
Prophecy,<NN/,1
Prophecy,<NN[,1
Prophecy,<NWCJM/,1
Prophecy,<RBH/,1
Prophecy,<RH[,1
Prophecy,<RJPJM/,1
Prophecy,<RWM/,1
Prophecy,<SJS/,1
Prophecy,<TM[,1
Prophecy,<TWD/,1
Prophecy,<TWD=/,1
Prophecy,<VLP/,1
Prophecy,<WR[,1
Prophecy,<WT[,1
Prophecy,<WY[,1
Prophecy,<WZ[,1
Prophecy,<YB/,1
Prophecy,<YRH/,1
Prophecy,<YRT/,1
Prophecy,<Z/,1
Prophecy,<Z=/,1
Prophecy,<Z===/,1
Prophecy,<ZQ[,1
Prophecy,<ZRH/,1
Prophecy,>BH[,1
Prophecy,>BJR=/,1
Prophecy,>BK[,1
Prophecy,>BL=[,1
Prophecy,>BN/,1
Prophecy,>BQ/,1
Prophecy,>BWS/,1
Prophecy,>CMH/,1
Prophecy,>DJR/,1
Prophecy,>DM[,1
Prophecy,>GDH/,1
Prophecy,>GMWN/,1
Prophecy,>J/,1
Prophecy,>JL=/,1
Prophecy,>JL==/,1
Prophecy,>JTN/,1
Prophecy,>KR/,1
Prophecy,>M/,1
Prophecy,>MH=/,1
Prophecy,>MJY/,1
Prophecy,>MRH/,1
Prophecy,>MT/,1
Prophecy,>MWNH/,1
Prophecy,>MY[,1
Prophecy,>NH=[,1
Prophecy,>NJH/,1
Prophecy,>NP[,1
Prophecy,>NWC/,1
Prophecy,>P,1
Prophecy,>PJQ/,1
Prophecy,>PL/,1
Prophecy,>PLH/,1
Prophecy,>SJR=/,1
Prophecy,>T/,1
Prophecy,>V/,1
Prophecy,>WB/,1
Prophecy,>WH[,1
Prophecy,>WLJ,1
Prophecy,>WYR/,1
Prophecy,>XRWN/,1
Prophecy,>XR[,1
Prophecy,>XZ[,1
Prophecy,>YB</,1
Prophecy,>YL/,1
Prophecy,>YR[,1
Prophecy,B<JM/,1
Prophecy,B<L/,1
Prophecy,B>C/,1
Prophecy,BCS[,1
Prophecy,BDJL/,1
Prophecy,BDL/,1
Prophecy,BFM/,1
Prophecy,BGD/,1
Prophecy,BJNH/,1
Prophecy,BJYH/,1
Prophecy,BLG[,1
Prophecy,BLS[,1
Prophecy,BQJ</,1
Prophecy,BR=====/,1
Prophecy,BRJT/,1
Prophecy,BRJX/,1
Prophecy,BRKH=/,1
Prophecy,BRX[,1
Prophecy,BT=/,1
Prophecy,BTH/,1
Prophecy,BTH=/,1
Prophecy,BWC[,1
Prophecy,BWQR/,1
Prophecy,BYWR/,1
Prophecy,BZ/,1
Prophecy,C<<=[,1
Prophecy,C<<[,1
Prophecy,C<CW<JM/,1
Prophecy,C>B[,1
Prophecy,C>GH/,1
Prophecy,C>LH=/,1
Prophecy,C>NN/,1
Prophecy,CBJS/,1
Prophecy,CBR=/,1
Prophecy,CBT=/,1
Prophecy,CBT[,1
Prophecy,CBWT/,1
Prophecy,CDPWN/,1
Prophecy,CFH[,1
Prophecy,CJR[,1
Prophecy,CJT[,1
Prophecy,CKB[,1
Prophecy,CKM[,1
Prophecy,CKN[,1
Prophecy,CKX[,1
Prophecy,CLG/,1
Prophecy,CLKT/,1
Prophecy,CLL[,1
Prophecy,CLM/,1
Prophecy,CLMNJM/,1
Prophecy,CMC/,1
Prophecy,CMH/,1
Prophecy,CMN[,1
Prophecy,CNJ/,1
Prophecy,CNJ=/,1
Prophecy,CNN[,1
Prophecy,CPL==/,1
Prophecy,CQH[,1
Prophecy,CQL/,1
Prophecy,CQR/,1
Prophecy,CQV[,1
Prophecy,CR==/,1
Prophecy,CW>H/,1
Prophecy,CWB=[,1
Prophecy,CWL/,1
Prophecy,CWV/,1
Prophecy,CWV[,1
Prophecy,D<H/,1
Prophecy,DBR=/,1
Prophecy,DBR==/,1
Prophecy,DBWRH/,1
Prophecy,DJN/,1
Prophecy,DJN[,1
Prophecy,DK>[,1
Prophecy,DLQ[,1
Prophecy,DMCQ/,1
Prophecy,DMH=[,1
Prophecy,DMM[,1
Prophecy,DWC[,1
Prophecy,DWGH/,1
Prophecy,DWJ=/,1
Prophecy,DWX[,1
Prophecy,F<R/,1
Prophecy,FFWN/,1
Prophecy,FH/,1
Prophecy,FHRNJM/,1
Prophecy,FJD/,1
Prophecy,FKJH/,1
Prophecy,FKJR/,1
Prophecy,FKL[,1
Prophecy,FM>L/,1
Prophecy,FMX/,1
Prophecy,FPQ[,1
Prophecy,FPX[,1
Prophecy,FQR[,1
Prophecy,FRJD/,1
Prophecy,FRQ/,1
Prophecy,FRWK/,1
Prophecy,FX/,1
Prophecy,G>H/,1
Prophecy,G>WH/,1
Prophecy,GBJ/,1
Prophecy,GBWLH/,1
Prophecy,GCM/,1
Prophecy,GDJ/,1
Prophecy,GDJH/,1
Prophecy,GDR/,1
Prophecy,GDR[,1
Prophecy,GJL[,1
Prophecy,GLGL/,1
Prophecy,GLJL/,1
Prophecy,GLX[,1
Prophecy,GMWL/,1
Prophecy,GNB/,1
Prophecy,GPN/,1
Prophecy,GRC[,1
Prophecy,GRWN/,1
Prophecy,GRZN/,1
Prophecy,GWLH/,1
Prophecy,GZ/,1
Prophecy,GZ</,1
Prophecy,GZLH/,1
Prophecy,GZL[,1
Prophecy,GZM/,1
Prophecy,GZR=[,1
Prophecy,HDH[,1
Prophecy,HGH[,1
Prophecy,HKRH/,1
Prophecy,HL>H,1
Prophecy,HRH[,1
Prophecy,HRJSH/,1
Prophecy,J<D[,1
Prophecy,J>R/,1
Prophecy,JCN=[,1
Prophecy,JD<NJ/,1
Prophecy,JLL[,1
Prophecy,JMJN/,1
Prophecy,JNQ[,1
Prophecy,JPH/,1
Prophecy,JPJ/,1
Prophecy,JQB/,1
Prophecy,JQC[,1
Prophecy,JQD[,1
Prophecy,JRKH/,1
Prophecy,JRQWN/,1
Prophecy,JSD[,1
Prophecy,JSR[,1
Prophecy,JVB[,1
Prophecy,JXJD/,1
Prophecy,JYG[,1
Prophecy,KBD/,1
Prophecy,KBJR/,1
Prophecy,KBRH/,1
Prophecy,KBS[,1
Prophecy,KCJ/,1
Prophecy,KJ/,1
Prophecy,KJMH/,1
Prophecy,KLH=/,1
Prophecy,KLJL/,1
Prophecy,KLJWN/,1
Prophecy,KN/,1
Prophecy,KNWR/,1
Prophecy,KPH/,1
Prophecy,KPR/,1
Prophecy,KPR[,1
Prophecy,KPTWR/,1
Prophecy,KR/,1
Prophecy,KR<JM/,1
Prophecy,KR<[,1
Prophecy,KRML/,1
Prophecy,KSJL=/,1
Prophecy,KTP/,1
Prophecy,KTT[,1
Prophecy,KWKB/,1
Prophecy,KWL[,1
Prophecy,KXD[,1
Prophecy,KZB/,1
Prophecy,LBC[,1
Prophecy,LBJ>/,1
Prophecy,LBNH/,1
Prophecy,LBN[,1
Prophecy,LMD/,1
Prophecy,LXM[,1
Prophecy,LXY[,1
Prophecy,M<BRH/,1
Prophecy,M<DR/,1
Prophecy,M<FR/,1
Prophecy,M<JN/,1
Prophecy,M<LH=/,1
Prophecy,M<NH/,1
Prophecy,M<RH/,1
Prophecy,M<RYH/,1
Prophecy,M<VPT/,1
Prophecy,M<WP/,1
Prophecy,M>N[,1
Prophecy,M>WRH/,1
Prophecy,M>ZNJM/,1
Prophecy,MBYR/,1
Prophecy,MC<N/,1
Prophecy,MC<NH/,1
Prophecy,MCLWX/,1
Prophecy,MCLX/,1
Prophecy,MCM</,1
Prophecy,MCM<T/,1
Prophecy,MCMN/,1
Prophecy,MCTH/,1
Prophecy,MCX[,1
Prophecy,MF>T/,1
Prophecy,MFPX/,1
Prophecy,MFWF/,1
Prophecy,MFWKH/,1
Prophecy,MFWR/,1
Prophecy,MHL[,1
Prophecy,MHRH/,1
Prophecy,MHR[,1
Prophecy,MHWMH/,1
Prophecy,MJCWR/,1
Prophecy,MKCLH/,1
Prophecy,MKCWL/,1
Prophecy,MKR[,1
Prophecy,MKWN/,1
Prophecy,MLK[,1
Prophecy,MLQXJM/,1
Prophecy,MLWN/,1
Prophecy,MLWNH/,1
Prophecy,MMLKT/,1
Prophecy,MN<[,1
Prophecy,MNWS/,1
Prophecy,MNWXH/,1
Prophecy,MPL/,1
Prophecy,MQCH=/,1
Prophecy,MQCH==/,1
Prophecy,MR>H/,1
Prophecy,MRBH/,1
Prophecy,MRBQ/,1
Prophecy,MRKBH/,1
Prophecy,MRMH/,1
Prophecy,MRZX/,1
Prophecy,MSK[,1
Prophecy,MSPR/,1
Prophecy,MSS[,1
Prophecy,MSTWR/,1
Prophecy,MTM/,1
Prophecy,MVH===/,1
Prophecy,MVPXT/,1
Prophecy,MW<D/,1
Prophecy,MW<P/,1
Prophecy,MWPT/,1
Prophecy,MWT/,1
Prophecy,MWYQ=/,1
Prophecy,MX/,1
Prophecy,MXGRT/,1
Prophecy,MXLH==/,1
Prophecy,MXLYWT/,1
Prophecy,MXNH/,1
Prophecy,MXSH/,1
Prophecy,MZ<R/,1
Prophecy,MZMRH/,1
Prophecy,MZRQ/,1
Prophecy,MZRX/,1
Prophecy,N<RH/,1
Prophecy,N<RT/,1
Prophecy,N<YWY/,1
Prophecy,NBJ>H/,1
Prophecy,NBLH/,1
Prophecy,NBLH=/,1
Prophecy,NBL[,1
Prophecy,NCMH/,1
Prophecy,NCP/,1
Prophecy,NDBH/,1
Prophecy,NDH[,1
Prophecy,NGH[,1
Prophecy,NGP/,1
Prophecy,NHG[,1
Prophecy,NHJ/,1
Prophecy,NHLL/,1
Prophecy,NHMH/,1
Prophecy,NHR[,1
Prophecy,NJYWY/,1
Prophecy,NKRJ/,1
Prophecy,NKX/,1
Prophecy,NMR/,1
Prophecy,NQB[,1
Prophecy,NQD/,1
Prophecy,NQH[,1
Prophecy,NQJQ/,1
Prophecy,NQJWN/,1
Prophecy,NQM[,1
Prophecy,NQP=[,1
Prophecy,NQPH/,1
Prophecy,NQRH/,1
Prophecy,NSH[,1
Prophecy,NSS[,1
Prophecy,NTC[,1
Prophecy,NTQ[,1
Prophecy,NV</,1
Prophecy,NVPH/,1
Prophecy,NWH=/,1
Prophecy,NWM[,1
Prophecy,NXH=[,1
Prophecy,NYR/,1
Prophecy,NYR[,1
Prophecy,NZM/,1
Prophecy,P<R[,1
Prophecy,P>H=/,1
Prophecy,P>R/,1
Prophecy,P>RH/,1
Prophecy,P>R[,1
Prophecy,PDH[,1
Prophecy,PG<[,1
Prophecy,PGR/,1
Prophecy,PL>/,1
Prophecy,PLJV/,1
Prophecy,PLV[,1
Prophecy,PNH[,1
Prophecy,PQDH/,1
Prophecy,PR/,1
Prophecy,PRF[,1
Prophecy,PRH[,1
Prophecy,PRR[,1
Prophecy,PRSH/,1
Prophecy,PRV[,1
Prophecy,PRWT/,1
Prophecy,PRX/,1
Prophecy,PRY[,1
Prophecy,PSJL/,1
Prophecy,PT=/,1
Prophecy,PTJGJL/,1
Prophecy,PTN/,1
Prophecy,PTX/,1
Prophecy,PWY[,1
Prophecy,PXD[,1
Prophecy,PY</,1
Prophecy,PYH[,1
Prophecy,QBY[,1
Prophecy,QC/,1
Prophecy,QCB[,1
Prophecy,QCH[,1
Prophecy,QCRJM/,1
Prophecy,QCR[,1
Prophecy,QDM[,1
Prophecy,QDQD/,1
Prophecy,QJR/,1
Prophecy,QLH=[,1
Prophecy,QN/,1
Prophecy,QN>[,1
Prophecy,QRQ</,1
Prophecy,QSM[,1
Prophecy,QVN[,1
Prophecy,QVRT/,1
Prophecy,QVR[,1
Prophecy,QWMH/,1
Prophecy,QWY=[,1
Prophecy,QWY[,1
Prophecy,QYP[,1
Prophecy,QYR=[,1
Prophecy,R<=/,1
Prophecy,R<===/,1
Prophecy,R<B=/,1
Prophecy,R<C[,1
Prophecy,R<LH/,1
Prophecy,R>C=/,1
Prophecy,RBB[,1
Prophecy,RC<H/,1
Prophecy,RDJD/,1
Prophecy,RHB[,1
Prophecy,RJB/,1
Prophecy,RKB[,1
Prophecy,RMS[,1
Prophecy,RNN[,1
Prophecy,RP>[,1
Prophecy,RPH[,1
Prophecy,RSJS=/,1
Prophecy,RWY[,1
Prophecy,RXB=/,1
Prophecy,RXB==/,1
Prophecy,RXMJM/,1
Prophecy,RXM[,1
Prophecy,RXQ[,1
Prophecy,RXWQ/,1
Prophecy,RYH[,1
Prophecy,RYPH/,1
Prophecy,RYX[,1
Prophecy,RYY[,1
Prophecy,RZWN/,1
Prophecy,S<D[,1
Prophecy,S<JP/,1
Prophecy,S<P[,1
Prophecy,S<R/,1
Prophecy,S>N[,1
Prophecy,S>WN/,1
Prophecy,SB>/,1
Prophecy,SBJB/,1
Prophecy,SDJN/,1
Prophecy,SJRH/,1
Prophecy,SLX[,1
Prophecy,SMK[,1
Prophecy,SPH[,1
Prophecy,SQL[,1
Prophecy,SRH/,1
Prophecy,SRP[,1
Prophecy,SRR[,1
Prophecy,SWD/,1
Prophecy,SWK=[,1
Prophecy,SWP[,1
Prophecy,SWXH/,1
Prophecy,T<B[,1
Prophecy,T<LH/,1
Prophecy,T<LWLJM/,1
Prophecy,T<R/,1
Prophecy,T>B=[,1
Prophecy,T>NH/,1
Prophecy,TBLJT/,1
Prophecy,TBN/,1
Prophecy,THWM/,1
Prophecy,TMJM/,1
Prophecy,TP/,1
Prophecy,TPLH/,1
Prophecy,TQ<[,1
Prophecy,TW<BH/,1
Prophecy,TWDH/,1
Prophecy,TWL</,1
Prophecy,VB<T/,1
Prophecy,VMN[,1
Prophecy,VPP[,1
Prophecy,VRJ/,1
Prophecy,VRP[,1
Prophecy,VRX/,1
Prophecy,VWB=/,1
Prophecy,VWBH/,1
Prophecy,VWB[,1
Prophecy,VXN[,1
Prophecy,XB>[,1
Prophecy,XBL=[,1
Prophecy,XBL[,1
Prophecy,XBR/,1
Prophecy,XBWRH/,1
Prophecy,XCC/,1
Prophecy,XCKH/,1
Prophecy,XGWRH/,1
Prophecy,XJJM/,1
Prophecy,XKH[,1
Prophecy,XLB/,1
Prophecy,XLB=/,1
Prophecy,XLH[,1
Prophecy,XLJ/,1
Prophecy,XLJL/,1
Prophecy,XLL[,1
Prophecy,XLQ/,1
Prophecy,XMD/,1
Prophecy,XMDH/,1
Prophecy,XMD[,1
Prophecy,XML[,1
Prophecy,XMR/,1
Prophecy,XMR=/,1
Prophecy,XMWR/,1
Prophecy,XMWY=/,1
Prophecy,XMY/,1
Prophecy,XNJT/,1
Prophecy,XNN[,1
Prophecy,XPF[,1
Prophecy,XPH/,1
Prophecy,XPR=[,1
Prophecy,XPR[,1
Prophecy,XPY[,1
Prophecy,XQQ[,1
Prophecy,XR/,1
Prophecy,XRB=/,1
Prophecy,XRBH=/,1
Prophecy,XRB[,1
Prophecy,XRC=====/,1
Prophecy,XRH[,1
Prophecy,XRJ=/,1
Prophecy,XRJV/,1
Prophecy,XRM=[,1
Prophecy,XRP/,1
Prophecy,XRPH/,1
Prophecy,XRV/,1
Prophecy,XRWY/,1
Prophecy,XSR==/,1
Prophecy,XTM[,1
Prophecy,XTR[,1
Prophecy,XV>/,1
Prophecy,XV>H=/,1
Prophecy,XV>[,1
Prophecy,XVR/,1
Prophecy,XWC[,1
Prophecy,XWL/,1
Prophecy,XYR/,1
Prophecy,XZH=/,1
Prophecy,XZQ/,1
Prophecy,XZQ=/,1
Prophecy,XZQH=/,1
Prophecy,XZQ[,1
Prophecy,XZWN/,1
Prophecy,Y<DH/,1
Prophecy,Y<QH/,1
Prophecy,Y>H=/,1
Prophecy,YBJ/,1
Prophecy,YDQ[,1
Prophecy,YHRJM/,1
Prophecy,YL/,1
Prophecy,YLM/,1
Prophecy,YLX[,1
Prophecy,YMD/,1
Prophecy,YMR/,1
Prophecy,YMX/,1
Prophecy,YN/,1
Prophecy,YNJPH/,1
Prophecy,YP<NJ/,1
Prophecy,YPWN/,1
Prophecy,YPWR/,1
Prophecy,YR/,1
Prophecy,YR===/,1
Prophecy,YRH/,1
Prophecy,YRP[,1
Prophecy,YRR[,1
Prophecy,YRWR=/,1
Prophecy,YWQH/,1
Prophecy,YXH/,1
Prophecy,Z>B/,1
Prophecy,ZBWB/,1
Prophecy,ZJT/,1
Prophecy,ZKH[,1
Prophecy,ZMR=[,1
Prophecy,ZMRH/,1
Prophecy,ZMRH=/,1
Prophecy,ZMR[,1
Prophecy,ZQN=/,1
Prophecy,ZRH[,1
Prophecy,ZRM/,1
Prophecy,ZRW</,1
Prophecy,ZWR[,1
